{"columns":[{"kind":"Default","name":"event_date","num_defaults":0,"num_rows":8},{"kind":"Default","name":"event_time","num_defaults":0,"num_rows":8},{"kind":"Default","name":"event_time_microseconds","num_defaults":0,"num_rows":8},{"kind":"Sparse","name":"increment","num_defaults":8,"num_rows":8},{"kind":"Sparse","name":"ptr","num_defaults":8,"num_rows":8},{"kind":"Sparse","name":"query_id","num_defaults":8,"num_rows":8},{"kind":"Default","name":"revision","num_defaults":0,"num_rows":8},{"kind":"Default","name":"size","num_defaults":0,"num_rows":8},{"kind":"Default","name":"thread_id","num_defaults":0,"num_rows":8},{"kind":"Default","name":"timestamp_ns","num_defaults":0,"num_rows":8},{"kind":"Default","name":"trace_type","num_defaults":0,"num_rows":8}],"version":0}