{"columns":[{"kind":"Sparse","name":"CurrentMetric_ActiveTimersInQueryProfiler","num_defaults":8,"num_rows":8},{"kind":"Sparse","name":"CurrentMetric_AddressesActive","num_defaults":8,"num_rows":8},{"kind":"Sparse","name":"CurrentMetric_AggregatorThreads","num_defaults":8,"num_rows":8},{"kind":"Sparse","name":"CurrentMetric_AggregatorThreadsActive","num_defaults":8,"num_rows":8},{"kind":"Sparse","name":"CurrentMetric_AggregatorThreadsScheduled","num_defaults":8,"num_rows":8},{"kind":"Sparse","name":"CurrentMetric_AsyncInsertCacheSize","num_defaults":8,"num_rows":8},{"kind":"Sparse","name":"CurrentMetric_AsynchronousInsertQueueBytes","num_defaults":8,"num_rows":8},{"kind":"Sparse","name":"CurrentMetric_AsynchronousInsertQueueSize","num_defaults":8,"num_rows":8},{"kind":"Sparse","name":"CurrentMetric_AsynchronousInsertThreads","num_defaults":8,"num_rows":8},{"kind":"Sparse","name":"CurrentMetric_AsynchronousInsertThreadsActive","num_defaults":8,"num_rows":8},{"kind":"Sparse","name":"CurrentMetric_AsynchronousInsertThreadsScheduled","num_defaults":8,"num_rows":8},{"kind":"Sparse","name":"CurrentMetric_AsynchronousReadWait","num_defaults":8,"num_rows":8},{"kind":"Default","name":"CurrentMetric_AttachedDatabase","num_defaults":0,"num_rows":8},{"kind":"Default","name":"CurrentMetric_AttachedTable","num_defaults":0,"num_rows":8},{"kind":"Default","name":"CurrentMetric_BackgroundBufferFlushSchedulePoolSize","num_defaults":0,"num_rows":8},{"kind":"Sparse","name":"CurrentMetric_BackgroundBufferFlushSchedulePoolTask","num_defaults":8,"num_rows":8},{"kind":"Default","name":"CurrentMetric_BackgroundCommonPoolSize","num_defaults":0,"num_rows":8},{"kind":"Sparse","name":"CurrentMetric_BackgroundCommonPoolTask","num_defaults":8,"num_rows":8},{"kind":"Default","name":"CurrentMetric_BackgroundDistributedSchedulePoolSize","num_defaults":0,"num_rows":8},{"kind":"Sparse","name":"CurrentMetric_BackgroundDistributedSchedulePoolTask","num_defaults":8,"num_rows":8},{"kind":"Default","name":"CurrentMetric_BackgroundFetchesPoolSize","num_defaults":0,"num_rows":8},{"kind":"Sparse","name":"CurrentMetric_BackgroundFetchesPoolTask","num_defaults":8,"num_rows":8},{"kind":"Default","name":"CurrentMetric_BackgroundMergesAndMutationsPoolSize","num_defaults":0,"num_rows":8},{"kind":"Sparse","name":"CurrentMetric_BackgroundMergesAndMutationsPoolTask","num_defaults":8,"num_rows":8},{"kind":"Default","name":"CurrentMetric_BackgroundMessageBrokerSchedulePoolSize","num_defaults":0,"num_rows":8},{"kind":"Sparse","name":"CurrentMetric_BackgroundMessageBrokerSchedulePoolTask","num_defaults":8,"num_rows":8},{"kind":"Default","name":"CurrentMetric_BackgroundMovePoolSize","num_defaults":0,"num_rows":8},{"kind":"Sparse","name":"CurrentMetric_BackgroundMovePoolTask","num_defaults":8,"num_rows":8},{"kind":"Default","name":"CurrentMetric_BackgroundSchedulePoolSize","num_defaults":0,"num_rows":8},{"kind":"Sparse","name":"CurrentMetric_BackgroundSchedulePoolTask","num_defaults":8,"num_rows":8},{"kind":"Sparse","name":"CurrentMetric_BackupsIOThreads","num_defaults":8,"num_rows":8},{"kind":"Sparse","name":"CurrentMetric_BackupsIOThreadsActive","num_defaults":8,"num_rows":8},{"kind":"Sparse","name":"CurrentMetric_BackupsIOThreadsScheduled","num_defaults":8,"num_rows":8},{"kind":"Sparse","name":"CurrentMetric_BackupsThreads","num_defaults":8,"num_rows":8},{"kind":"Sparse","name":"CurrentMetric_BackupsThreadsActive","num_defaults":8,"num_rows":8},{"kind":"Sparse","name":"CurrentMetric_BackupsThreadsScheduled","num_defaults":8,"num_rows":8},{"kind":"Sparse","name":"CurrentMetric_BrokenDistributedBytesToInsert","num_defaults":8,"num_rows":8},{"kind":"Sparse","name":"CurrentMetric_BrokenDistributedFilesToInsert","num_defaults":8,"num_rows":8},{"kind":"Sparse","name":"CurrentMetric_CacheDetachedFileSegments","num_defaults":8,"num_rows":8},{"kind":"Sparse","name":"CurrentMetric_CacheDictionaryThreads","num_defaults":8,"num_rows":8},{"kind":"Sparse","name":"CurrentMetric_CacheDictionaryThreadsActive","num_defaults":8,"num_rows":8},{"kind":"Sparse","name":"CurrentMetric_CacheDictionaryThreadsScheduled","num_defaults":8,"num_rows":8},{"kind":"Sparse","name":"CurrentMetric_CacheDictionaryUpdateQueueBatches","num_defaults":8,"num_rows":8},{"kind":"Sparse","name":"CurrentMetric_CacheDictionaryUpdateQueueKeys","num_defaults":8,"num_rows":8},{"kind":"Sparse","name":"CurrentMetric_CacheFileSegments","num_defaults":8,"num_rows":8},{"kind":"Sparse","name":"CurrentMetric_CacheWarmerBytesInProgress","num_defaults":8,"num_rows":8},{"kind":"Sparse","name":"CurrentMetric_ContextLockWait","num_defaults":8,"num_rows":8},{"kind":"Sparse","name":"CurrentMetric_CreatedTimersInQueryProfiler","num_defaults":8,"num_rows":8},{"kind":"Sparse","name":"CurrentMetric_DDLWorkerThreads","num_defaults":8,"num_rows":8},{"kind":"Sparse","name":"CurrentMetric_DDLWorkerThreadsActive","num_defaults":8,"num_rows":8},{"kind":"Sparse","name":"CurrentMetric_DDLWorkerThreadsScheduled","num_defaults":8,"num_rows":8},{"kind":"Sparse","name":"CurrentMetric_DWARFReaderThreads","num_defaults":8,"num_rows":8},{"kind":"Sparse","name":"CurrentMetric_DWARFReaderThreadsActive","num_defaults":8,"num_rows":8},{"kind":"Sparse","name":"CurrentMetric_DWARFReaderThreadsScheduled","num_defaults":8,"num_rows":8},{"kind":"Sparse","name":"CurrentMetric_DatabaseCatalogThreads","num_defaults":8,"num_rows":8},{"kind":"Sparse","name":"CurrentMetric_DatabaseCatalogThreadsActive","num_defaults":8,"num_rows":8},{"kind":"Sparse","name":"CurrentMetric_DatabaseCatalogThreadsScheduled","num_defaults":8,"num_rows":8},{"kind":"Sparse","name":"CurrentMetric_DatabaseOnDiskThreads","num_defaults":8,"num_rows":8},{"kind":"Sparse","name":"CurrentMetric_DatabaseOnDiskThreadsActive","num_defaults":8,"num_rows":8},{"kind":"Sparse","name":"CurrentMetric_DatabaseOnDiskThreadsScheduled","num_defaults":8,"num_rows":8},{"kind":"Sparse","name":"CurrentMetric_DatabaseReplicatedCreateTablesThreads","num_defaults":8,"num_rows":8},{"kind":"Sparse","name":"CurrentMetric_DatabaseReplicatedCreateTablesThreadsActive","num_defaults":8,"num_rows":8},{"kind":"Sparse","name":"CurrentMetric_DatabaseReplicatedCreateTablesThreadsScheduled","num_defaults":8,"num_rows":8},{"kind":"Sparse","name":"CurrentMetric_DelayedInserts","num_defaults":8,"num_rows":8},{"kind":"Sparse","name":"CurrentMetric_DestroyAggregatesThreads","num_defaults":8,"num_rows":8},{"kind":"Sparse","name":"CurrentMetric_DestroyAggregatesThreadsActive","num_defaults":8,"num_rows":8},{"kind":"Sparse","name":"CurrentMetric_DestroyAggregatesThreadsScheduled","num_defaults":8,"num_rows":8},{"kind":"Sparse","name":"CurrentMetric_DictCacheRequests","num_defaults":8,"num_rows":8},{"kind":"Sparse","name":"CurrentMetric_DiskConnectionsStored","num_defaults":8,"num_rows":8},{"kind":"Sparse","name":"CurrentMetric_DiskConnectionsTotal","num_defaults":8,"num_rows":8},{"kind":"Sparse","name":"CurrentMetric_DiskObjectStorageAsyncThreads","num_defaults":8,"num_rows":8},{"kind":"Sparse","name":"CurrentMetric_DiskObjectStorageAsyncThreadsActive","num_defaults":8,"num_rows":8},{"kind":"Sparse","name":"CurrentMetric_DiskSpaceReservedForMerge","num_defaults":8,"num_rows":8},{"kind":"Sparse","name":"CurrentMetric_DistrCacheOpenedConnections","num_defaults":8,"num_rows":8},{"kind":"Sparse","name":"CurrentMetric_DistrCacheReadRequests","num_defaults":8,"num_rows":8},{"kind":"Sparse","name":"CurrentMetric_DistrCacheServerConnections","num_defaults":8,"num_rows":8},{"kind":"Sparse","name":"CurrentMetric_DistrCacheUsedConnections","num_defaults":8,"num_rows":8},{"kind":"Sparse","name":"CurrentMetric_DistrCacheWriteRequests","num_defaults":8,"num_rows":8},{"kind":"Sparse","name":"CurrentMetric_DistributedBytesToInsert","num_defaults":8,"num_rows":8},{"kind":"Sparse","name":"CurrentMetric_DistributedFilesToInsert","num_defaults":8,"num_rows":8},{"kind":"Sparse","name":"CurrentMetric_DistributedInsertThreads","num_defaults":8,"num_rows":8},{"kind":"Sparse","name":"CurrentMetric_DistributedInsertThreadsActive","num_defaults":8,"num_rows":8},{"kind":"Sparse","name":"CurrentMetric_DistributedInsertThreadsScheduled","num_defaults":8,"num_rows":8},{"kind":"Sparse","name":"CurrentMetric_DistributedSend","num_defaults":8,"num_rows":8},{"kind":"Sparse","name":"CurrentMetric_EphemeralNode","num_defaults":8,"num_rows":8},{"kind":"Sparse","name":"CurrentMetric_FilesystemCacheDelayedCleanupElements","num_defaults":8,"num_rows":8},{"kind":"Sparse","name":"CurrentMetric_FilesystemCacheDownloadQueueElements","num_defaults":8,"num_rows":8},{"kind":"Sparse","name":"CurrentMetric_FilesystemCacheElements","num_defaults":8,"num_rows":8},{"kind":"Sparse","name":"CurrentMetric_FilesystemCacheHoldFileSegments","num_defaults":8,"num_rows":8},{"kind":"Sparse","name":"CurrentMetric_FilesystemCacheReadBuffers","num_defaults":8,"num_rows":8},{"kind":"Sparse","name":"CurrentMetric_FilesystemCacheSize","num_defaults":8,"num_rows":8},{"kind":"Sparse","name":"CurrentMetric_FilesystemCacheSizeLimit","num_defaults":8,"num_rows":8},{"kind":"Default","name":"CurrentMetric_GlobalThread","num_defaults":0,"num_rows":8},{"kind":"Default","name":"CurrentMetric_GlobalThreadActive","num_defaults":0,"num_rows":8},{"kind":"Default","name":"CurrentMetric_GlobalThreadScheduled","num_defaults":0,"num_rows":8},{"kind":"Sparse","name":"CurrentMetric_HTTPConnection","num_defaults":8,"num_rows":8},{"kind":"Sparse","name":"CurrentMetric_HTTPConnectionsStored","num_defaults":8,"num_rows":8},{"kind":"Sparse","name":"CurrentMetric_HTTPConnectionsTotal","num_defaults":8,"num_rows":8},{"kind":"Sparse","name":"CurrentMetric_HashedDictionaryThreads","num_defaults":8,"num_rows":8},{"kind":"Sparse","name":"CurrentMetric_HashedDictionaryThreadsActive","num_defaults":8,"num_rows":8},{"kind":"Sparse","name":"CurrentMetric_HashedDictionaryThreadsScheduled","num_defaults":8,"num_rows":8},{"kind":"Sparse","name":"CurrentMetric_IDiskCopierThreads","num_defaults":8,"num_rows":8},{"kind":"Sparse","name":"CurrentMetric_IDiskCopierThreadsActive","num_defaults":8,"num_rows":8},{"kind":"Sparse","name":"CurrentMetric_IDiskCopierThreadsScheduled","num_defaults":8,"num_rows":8},{"kind":"Sparse","name":"CurrentMetric_IOPrefetchThreads","num_defaults":8,"num_rows":8},{"kind":"Sparse","name":"CurrentMetric_IOPrefetchThreadsActive","num_defaults":8,"num_rows":8},{"kind":"Sparse","name":"CurrentMetric_IOPrefetchThreadsScheduled","num_defaults":8,"num_rows":8},{"kind":"Sparse","name":"CurrentMetric_IOThreads","num_defaults":8,"num_rows":8},{"kind":"Sparse","name":"CurrentMetric_IOThreadsActive","num_defaults":8,"num_rows":8},{"kind":"Sparse","name":"CurrentMetric_IOThreadsScheduled","num_defaults":8,"num_rows":8},{"kind":"Sparse","name":"CurrentMetric_IOUringInFlightEvents","num_defaults":8,"num_rows":8},{"kind":"Sparse","name":"CurrentMetric_IOUringPendingEvents","num_defaults":8,"num_rows":8},{"kind":"Sparse","name":"CurrentMetric_IOWriterThreads","num_defaults":8,"num_rows":8},{"kind":"Sparse","name":"CurrentMetric_IOWriterThreadsActive","num_defaults":8,"num_rows":8},{"kind":"Sparse","name":"CurrentMetric_IOWriterThreadsScheduled","num_defaults":8,"num_rows":8},{"kind":"Sparse","name":"CurrentMetric_InterserverConnection","num_defaults":8,"num_rows":8},{"kind":"Sparse","name":"CurrentMetric_KafkaAssignedPartitions","num_defaults":8,"num_rows":8},{"kind":"Sparse","name":"CurrentMetric_KafkaBackgroundReads","num_defaults":8,"num_rows":8},{"kind":"Sparse","name":"CurrentMetric_KafkaConsumers","num_defaults":8,"num_rows":8},{"kind":"Sparse","name":"CurrentMetric_KafkaConsumersInUse","num_defaults":8,"num_rows":8},{"kind":"Sparse","name":"CurrentMetric_KafkaConsumersWithAssignment","num_defaults":8,"num_rows":8},{"kind":"Sparse","name":"CurrentMetric_KafkaLibrdkafkaThreads","num_defaults":8,"num_rows":8},{"kind":"Sparse","name":"CurrentMetric_KafkaProducers","num_defaults":8,"num_rows":8},{"kind":"Sparse","name":"CurrentMetric_KafkaWrites","num_defaults":8,"num_rows":8},{"kind":"Sparse","name":"CurrentMetric_KeeperAliveConnections","num_defaults":8,"num_rows":8},{"kind":"Sparse","name":"CurrentMetric_KeeperOutstandingRequets","num_defaults":8,"num_rows":8},{"kind":"Sparse","name":"CurrentMetric_LocalThread","num_defaults":8,"num_rows":8},{"kind":"Sparse","name":"CurrentMetric_LocalThreadActive","num_defaults":8,"num_rows":8},{"kind":"Sparse","name":"CurrentMetric_LocalThreadScheduled","num_defaults":8,"num_rows":8},{"kind":"Default","name":"CurrentMetric_MMappedFileBytes","num_defaults":0,"num_rows":8},{"kind":"Default","name":"CurrentMetric_MMappedFiles","num_defaults":0,"num_rows":8},{"kind":"Sparse","name":"CurrentMetric_MarksLoaderThreads","num_defaults":8,"num_rows":8},{"kind":"Sparse","name":"CurrentMetric_MarksLoaderThreadsActive","num_defaults":8,"num_rows":8},{"kind":"Sparse","name":"CurrentMetric_MarksLoaderThreadsScheduled","num_defaults":8,"num_rows":8},{"kind":"Sparse","name":"CurrentMetric_MaxDDLEntryID","num_defaults":8,"num_rows":8},{"kind":"Sparse","name":"CurrentMetric_MaxPushedDDLEntryID","num_defaults":8,"num_rows":8},{"kind":"Default","name":"CurrentMetric_MemoryTracking","num_defaults":0,"num_rows":8},{"kind":"Sparse","name":"CurrentMetric_Merge","num_defaults":8,"num_rows":8},{"kind":"Sparse","name":"CurrentMetric_MergeTreeAllRangesAnnouncementsSent","num_defaults":8,"num_rows":8},{"kind":"Default","name":"CurrentMetric_MergeTreeBackgroundExecutorThreads","num_defaults":0,"num_rows":8},{"kind":"Default","name":"CurrentMetric_MergeTreeBackgroundExecutorThreadsActive","num_defaults":0,"num_rows":8},{"kind":"Default","name":"CurrentMetric_MergeTreeBackgroundExecutorThreadsScheduled","num_defaults":0,"num_rows":8},{"kind":"Sparse","name":"CurrentMetric_MergeTreeDataSelectExecutorThreads","num_defaults":8,"num_rows":8},{"kind":"Sparse","name":"CurrentMetric_MergeTreeDataSelectExecutorThreadsActive","num_defaults":8,"num_rows":8},{"kind":"Sparse","name":"CurrentMetric_MergeTreeDataSelectExecutorThreadsScheduled","num_defaults":8,"num_rows":8},{"kind":"Sparse","name":"CurrentMetric_MergeTreeOutdatedPartsLoaderThreads","num_defaults":8,"num_rows":8},{"kind":"Sparse","name":"CurrentMetric_MergeTreeOutdatedPartsLoaderThreadsActive","num_defaults":8,"num_rows":8},{"kind":"Sparse","name":"CurrentMetric_MergeTreeOutdatedPartsLoaderThreadsScheduled","num_defaults":8,"num_rows":8},{"kind":"Sparse","name":"CurrentMetric_MergeTreePartsCleanerThreads","num_defaults":8,"num_rows":8},{"kind":"Sparse","name":"CurrentMetric_MergeTreePartsCleanerThreadsActive","num_defaults":8,"num_rows":8},{"kind":"Sparse","name":"CurrentMetric_MergeTreePartsCleanerThreadsScheduled","num_defaults":8,"num_rows":8},{"kind":"Sparse","name":"CurrentMetric_MergeTreePartsLoaderThreads","num_defaults":8,"num_rows":8},{"kind":"Sparse","name":"CurrentMetric_MergeTreePartsLoaderThreadsActive","num_defaults":8,"num_rows":8},{"kind":"Sparse","name":"CurrentMetric_MergeTreePartsLoaderThreadsScheduled","num_defaults":8,"num_rows":8},{"kind":"Sparse","name":"CurrentMetric_MergeTreeReadTaskRequestsSent","num_defaults":8,"num_rows":8},{"kind":"Sparse","name":"CurrentMetric_MergeTreeUnexpectedPartsLoaderThreads","num_defaults":8,"num_rows":8},{"kind":"Sparse","name":"CurrentMetric_MergeTreeUnexpectedPartsLoaderThreadsActive","num_defaults":8,"num_rows":8},{"kind":"Sparse","name":"CurrentMetric_MergeTreeUnexpectedPartsLoaderThreadsScheduled","num_defaults":8,"num_rows":8},{"kind":"Sparse","name":"CurrentMetric_MergesMutationsMemoryTracking","num_defaults":8,"num_rows":8},{"kind":"Sparse","name":"CurrentMetric_Move","num_defaults":8,"num_rows":8},{"kind":"Sparse","name":"CurrentMetric_MySQLConnection","num_defaults":8,"num_rows":8},{"kind":"Sparse","name":"CurrentMetric_NetworkReceive","num_defaults":8,"num_rows":8},{"kind":"Sparse","name":"CurrentMetric_NetworkSend","num_defaults":8,"num_rows":8},{"kind":"Sparse","name":"CurrentMetric_ObjectStorageAzureThreads","num_defaults":8,"num_rows":8},{"kind":"Sparse","name":"CurrentMetric_ObjectStorageAzureThreadsActive","num_defaults":8,"num_rows":8},{"kind":"Sparse","name":"CurrentMetric_ObjectStorageAzureThreadsScheduled","num_defaults":8,"num_rows":8},{"kind":"Sparse","name":"CurrentMetric_ObjectStorageS3Threads","num_defaults":8,"num_rows":8},{"kind":"Sparse","name":"CurrentMetric_ObjectStorageS3ThreadsActive","num_defaults":8,"num_rows":8},{"kind":"Sparse","name":"CurrentMetric_ObjectStorageS3ThreadsScheduled","num_defaults":8,"num_rows":8},{"kind":"Default","name":"CurrentMetric_OpenFileForRead","num_defaults":0,"num_rows":8},{"kind":"Sparse","name":"CurrentMetric_OpenFileForWrite","num_defaults":8,"num_rows":8},{"kind":"Sparse","name":"CurrentMetric_OutdatedPartsLoadingThreads","num_defaults":8,"num_rows":8},{"kind":"Sparse","name":"CurrentMetric_OutdatedPartsLoadingThreadsActive","num_defaults":8,"num_rows":8},{"kind":"Sparse","name":"CurrentMetric_OutdatedPartsLoadingThreadsScheduled","num_defaults":8,"num_rows":8},{"kind":"Sparse","name":"CurrentMetric_ParallelFormattingOutputFormatThreads","num_defaults":8,"num_rows":8},{"kind":"Sparse","name":"CurrentMetric_ParallelFormattingOutputFormatThreadsActive","num_defaults":8,"num_rows":8},{"kind":"Sparse","name":"CurrentMetric_ParallelFormattingOutputFormatThreadsScheduled","num_defaults":8,"num_rows":8},{"kind":"Sparse","name":"CurrentMetric_ParallelParsingInputFormatThreads","num_defaults":8,"num_rows":8},{"kind":"Sparse","name":"CurrentMetric_ParallelParsingInputFormatThreadsActive","num_defaults":8,"num_rows":8},{"kind":"Sparse","name":"CurrentMetric_ParallelParsingInputFormatThreadsScheduled","num_defaults":8,"num_rows":8},{"kind":"Sparse","name":"CurrentMetric_ParquetDecoderThreads","num_defaults":8,"num_rows":8},{"kind":"Sparse","name":"CurrentMetric_ParquetDecoderThreadsActive","num_defaults":8,"num_rows":8},{"kind":"Sparse","name":"CurrentMetric_ParquetDecoderThreadsScheduled","num_defaults":8,"num_rows":8},{"kind":"Sparse","name":"CurrentMetric_ParquetEncoderThreads","num_defaults":8,"num_rows":8},{"kind":"Sparse","name":"CurrentMetric_ParquetEncoderThreadsActive","num_defaults":8,"num_rows":8},{"kind":"Sparse","name":"CurrentMetric_ParquetEncoderThreadsScheduled","num_defaults":8,"num_rows":8},{"kind":"Sparse","name":"CurrentMetric_PartMutation","num_defaults":8,"num_rows":8},{"kind":"Sparse","name":"CurrentMetric_PartsActive","num_defaults":8,"num_rows":8},{"kind":"Sparse","name":"CurrentMetric_PartsCommitted","num_defaults":8,"num_rows":8},{"kind":"Sparse","name":"CurrentMetric_PartsCompact","num_defaults":8,"num_rows":8},{"kind":"Sparse","name":"CurrentMetric_PartsDeleteOnDestroy","num_defaults":8,"num_rows":8},{"kind":"Sparse","name":"CurrentMetric_PartsDeleting","num_defaults":8,"num_rows":8},{"kind":"Sparse","name":"CurrentMetric_PartsOutdated","num_defaults":8,"num_rows":8},{"kind":"Sparse","name":"CurrentMetric_PartsPreActive","num_defaults":8,"num_rows":8},{"kind":"Sparse","name":"CurrentMetric_PartsPreCommitted","num_defaults":8,"num_rows":8},{"kind":"Sparse","name":"CurrentMetric_PartsTemporary","num_defaults":8,"num_rows":8},{"kind":"Sparse","name":"CurrentMetric_PartsWide","num_defaults":8,"num_rows":8},{"kind":"Sparse","name":"CurrentMetric_PendingAsyncInsert","num_defaults":8,"num_rows":8},{"kind":"Sparse","name":"CurrentMetric_PostgreSQLConnection","num_defaults":8,"num_rows":8},{"kind":"Sparse","name":"CurrentMetric_Query","num_defaults":8,"num_rows":8},{"kind":"Sparse","name":"CurrentMetric_QueryPipelineExecutorThreads","num_defaults":8,"num_rows":8},{"kind":"Sparse","name":"CurrentMetric_QueryPipelineExecutorThreadsActive","num_defaults":8,"num_rows":8},{"kind":"Sparse","name":"CurrentMetric_QueryPipelineExecutorThreadsScheduled","num_defaults":8,"num_rows":8},{"kind":"Sparse","name":"CurrentMetric_QueryPreempted","num_defaults":8,"num_rows":8},{"kind":"Sparse","name":"CurrentMetric_QueryThread","num_defaults":8,"num_rows":8},{"kind":"Sparse","name":"CurrentMetric_RWLockActiveReaders","num_defaults":8,"num_rows":8},{"kind":"Sparse","name":"CurrentMetric_RWLockActiveWriters","num_defaults":8,"num_rows":8},{"kind":"Sparse","name":"CurrentMetric_RWLockWaitingReaders","num_defaults":8,"num_rows":8},{"kind":"Sparse","name":"CurrentMetric_RWLockWaitingWriters","num_defaults":8,"num_rows":8},{"kind":"Default","name":"CurrentMetric_Read","num_defaults":0,"num_rows":8},{"kind":"Sparse","name":"CurrentMetric_ReadTaskRequestsSent","num_defaults":8,"num_rows":8},{"kind":"Sparse","name":"CurrentMetric_ReadonlyReplica","num_defaults":8,"num_rows":8},{"kind":"Sparse","name":"CurrentMetric_RefreshableViews","num_defaults":8,"num_rows":8},{"kind":"Sparse","name":"CurrentMetric_RefreshingViews","num_defaults":8,"num_rows":8},{"kind":"Sparse","name":"CurrentMetric_RemoteRead","num_defaults":8,"num_rows":8},{"kind":"Sparse","name":"CurrentMetric_ReplicatedChecks","num_defaults":8,"num_rows":8},{"kind":"Sparse","name":"CurrentMetric_ReplicatedFetch","num_defaults":8,"num_rows":8},{"kind":"Sparse","name":"CurrentMetric_ReplicatedSend","num_defaults":8,"num_rows":8},{"kind":"Sparse","name":"CurrentMetric_RestartReplicaThreads","num_defaults":8,"num_rows":8},{"kind":"Sparse","name":"CurrentMetric_RestartReplicaThreadsActive","num_defaults":8,"num_rows":8},{"kind":"Sparse","name":"CurrentMetric_RestartReplicaThreadsScheduled","num_defaults":8,"num_rows":8},{"kind":"Sparse","name":"CurrentMetric_RestoreThreads","num_defaults":8,"num_rows":8},{"kind":"Sparse","name":"CurrentMetric_RestoreThreadsActive","num_defaults":8,"num_rows":8},{"kind":"Sparse","name":"CurrentMetric_RestoreThreadsScheduled","num_defaults":8,"num_rows":8},{"kind":"Default","name":"CurrentMetric_Revision","num_defaults":0,"num_rows":8},{"kind":"Sparse","name":"CurrentMetric_S3Requests","num_defaults":8,"num_rows":8},{"kind":"Sparse","name":"CurrentMetric_SendExternalTables","num_defaults":8,"num_rows":8},{"kind":"Sparse","name":"CurrentMetric_SendScalars","num_defaults":8,"num_rows":8},{"kind":"Sparse","name":"CurrentMetric_SharedMergeTreeFetch","num_defaults":8,"num_rows":8},{"kind":"Sparse","name":"CurrentMetric_SharedMergeTreeThreads","num_defaults":8,"num_rows":8},{"kind":"Sparse","name":"CurrentMetric_SharedMergeTreeThreadsActive","num_defaults":8,"num_rows":8},{"kind":"Sparse","name":"CurrentMetric_SharedMergeTreeThreadsScheduled","num_defaults":8,"num_rows":8},{"kind":"Sparse","name":"CurrentMetric_StartupSystemTablesThreads","num_defaults":8,"num_rows":8},{"kind":"Sparse","name":"CurrentMetric_StartupSystemTablesThreadsActive","num_defaults":8,"num_rows":8},{"kind":"Sparse","name":"CurrentMetric_StartupSystemTablesThreadsScheduled","num_defaults":8,"num_rows":8},{"kind":"Sparse","name":"CurrentMetric_StorageBufferBytes","num_defaults":8,"num_rows":8},{"kind":"Sparse","name":"CurrentMetric_StorageBufferFlushThreads","num_defaults":8,"num_rows":8},{"kind":"Sparse","name":"CurrentMetric_StorageBufferFlushThreadsActive","num_defaults":8,"num_rows":8},{"kind":"Sparse","name":"CurrentMetric_StorageBufferFlushThreadsScheduled","num_defaults":8,"num_rows":8},{"kind":"Sparse","name":"CurrentMetric_StorageBufferRows","num_defaults":8,"num_rows":8},{"kind":"Sparse","name":"CurrentMetric_StorageConnectionsStored","num_defaults":8,"num_rows":8},{"kind":"Sparse","name":"CurrentMetric_StorageConnectionsTotal","num_defaults":8,"num_rows":8},{"kind":"Sparse","name":"CurrentMetric_StorageDistributedThreads","num_defaults":8,"num_rows":8},{"kind":"Sparse","name":"CurrentMetric_StorageDistributedThreadsActive","num_defaults":8,"num_rows":8},{"kind":"Sparse","name":"CurrentMetric_StorageDistributedThreadsScheduled","num_defaults":8,"num_rows":8},{"kind":"Sparse","name":"CurrentMetric_StorageHiveThreads","num_defaults":8,"num_rows":8},{"kind":"Sparse","name":"CurrentMetric_StorageHiveThreadsActive","num_defaults":8,"num_rows":8},{"kind":"Sparse","name":"CurrentMetric_StorageHiveThreadsScheduled","num_defaults":8,"num_rows":8},{"kind":"Sparse","name":"CurrentMetric_StorageS3Threads","num_defaults":8,"num_rows":8},{"kind":"Sparse","name":"CurrentMetric_StorageS3ThreadsActive","num_defaults":8,"num_rows":8},{"kind":"Sparse","name":"CurrentMetric_StorageS3ThreadsScheduled","num_defaults":8,"num_rows":8},{"kind":"Sparse","name":"CurrentMetric_SystemReplicasThreads","num_defaults":8,"num_rows":8},{"kind":"Sparse","name":"CurrentMetric_SystemReplicasThreadsActive","num_defaults":8,"num_rows":8},{"kind":"Sparse","name":"CurrentMetric_SystemReplicasThreadsScheduled","num_defaults":8,"num_rows":8},{"kind":"Sparse","name":"CurrentMetric_TCPConnection","num_defaults":8,"num_rows":8},{"kind":"Sparse","name":"CurrentMetric_TablesLoaderBackgroundThreads","num_defaults":8,"num_rows":8},{"kind":"Sparse","name":"CurrentMetric_TablesLoaderBackgroundThreadsActive","num_defaults":8,"num_rows":8},{"kind":"Sparse","name":"CurrentMetric_TablesLoaderBackgroundThreadsScheduled","num_defaults":8,"num_rows":8},{"kind":"Sparse","name":"CurrentMetric_TablesLoaderForegroundThreads","num_defaults":8,"num_rows":8},{"kind":"Sparse","name":"CurrentMetric_TablesLoaderForegroundThreadsActive","num_defaults":8,"num_rows":8},{"kind":"Sparse","name":"CurrentMetric_TablesLoaderForegroundThreadsScheduled","num_defaults":8,"num_rows":8},{"kind":"Sparse","name":"CurrentMetric_TablesToDropQueueSize","num_defaults":8,"num_rows":8},{"kind":"Sparse","name":"CurrentMetric_TemporaryFilesForAggregation","num_defaults":8,"num_rows":8},{"kind":"Sparse","name":"CurrentMetric_TemporaryFilesForJoin","num_defaults":8,"num_rows":8},{"kind":"Sparse","name":"CurrentMetric_TemporaryFilesForSort","num_defaults":8,"num_rows":8},{"kind":"Sparse","name":"CurrentMetric_TemporaryFilesUnknown","num_defaults":8,"num_rows":8},{"kind":"Sparse","name":"CurrentMetric_ThreadPoolFSReaderThreads","num_defaults":8,"num_rows":8},{"kind":"Sparse","name":"CurrentMetric_ThreadPoolFSReaderThreadsActive","num_defaults":8,"num_rows":8},{"kind":"Sparse","name":"CurrentMetric_ThreadPoolFSReaderThreadsScheduled","num_defaults":8,"num_rows":8},{"kind":"Sparse","name":"CurrentMetric_ThreadPoolRemoteFSReaderThreads","num_defaults":8,"num_rows":8},{"kind":"Sparse","name":"CurrentMetric_ThreadPoolRemoteFSReaderThreadsActive","num_defaults":8,"num_rows":8},{"kind":"Sparse","name":"CurrentMetric_ThreadPoolRemoteFSReaderThreadsScheduled","num_defaults":8,"num_rows":8},{"kind":"Sparse","name":"CurrentMetric_ThreadsInOvercommitTracker","num_defaults":8,"num_rows":8},{"kind":"Sparse","name":"CurrentMetric_TotalTemporaryFiles","num_defaults":8,"num_rows":8},{"kind":"Default","name":"CurrentMetric_VersionInteger","num_defaults":0,"num_rows":8},{"kind":"Sparse","name":"CurrentMetric_Write","num_defaults":8,"num_rows":8},{"kind":"Sparse","name":"CurrentMetric_ZooKeeperRequest","num_defaults":8,"num_rows":8},{"kind":"Sparse","name":"CurrentMetric_ZooKeeperSession","num_defaults":8,"num_rows":8},{"kind":"Sparse","name":"CurrentMetric_ZooKeeperWatch","num_defaults":8,"num_rows":8},{"kind":"Sparse","name":"ProfileEvent_AIORead","num_defaults":8,"num_rows":8},{"kind":"Sparse","name":"ProfileEvent_AIOReadBytes","num_defaults":8,"num_rows":8},{"kind":"Sparse","name":"ProfileEvent_AIOWrite","num_defaults":8,"num_rows":8},{"kind":"Sparse","name":"ProfileEvent_AIOWriteBytes","num_defaults":8,"num_rows":8},{"kind":"Sparse","name":"ProfileEvent_AddressesDiscovered","num_defaults":8,"num_rows":8},{"kind":"Sparse","name":"ProfileEvent_AddressesExpired","num_defaults":8,"num_rows":8},{"kind":"Sparse","name":"ProfileEvent_AddressesMarkedAsFailed","num_defaults":8,"num_rows":8},{"kind":"Sparse","name":"ProfileEvent_AggregationHashTablesInitializedAsTwoLevel","num_defaults":8,"num_rows":8},{"kind":"Sparse","name":"ProfileEvent_AggregationOptimizedEqualRangesOfKeys","num_defaults":8,"num_rows":8},{"kind":"Sparse","name":"ProfileEvent_AggregationPreallocatedElementsInHashTables","num_defaults":8,"num_rows":8},{"kind":"Sparse","name":"ProfileEvent_ArenaAllocBytes","num_defaults":8,"num_rows":8},{"kind":"Sparse","name":"ProfileEvent_ArenaAllocChunks","num_defaults":8,"num_rows":8},{"kind":"Sparse","name":"ProfileEvent_AsyncInsertBytes","num_defaults":8,"num_rows":8},{"kind":"Sparse","name":"ProfileEvent_AsyncInsertCacheHits","num_defaults":8,"num_rows":8},{"kind":"Sparse","name":"ProfileEvent_AsyncInsertQuery","num_defaults":8,"num_rows":8},{"kind":"Sparse","name":"ProfileEvent_AsyncInsertRows","num_defaults":8,"num_rows":8},{"kind":"Sparse","name":"ProfileEvent_AsyncLoaderWaitMicroseconds","num_defaults":8,"num_rows":8},{"kind":"Sparse","name":"ProfileEvent_AsynchronousReadWaitMicroseconds","num_defaults":8,"num_rows":8},{"kind":"Sparse","name":"ProfileEvent_AsynchronousReaderIgnoredBytes","num_defaults":8,"num_rows":8},{"kind":"Sparse","name":"ProfileEvent_AsynchronousRemoteReadWaitMicroseconds","num_defaults":8,"num_rows":8},{"kind":"Sparse","name":"ProfileEvent_AzureCopyObject","num_defaults":8,"num_rows":8},{"kind":"Sparse","name":"ProfileEvent_AzureDeleteObjects","num_defaults":8,"num_rows":8},{"kind":"Sparse","name":"ProfileEvent_AzureGetObject","num_defaults":8,"num_rows":8},{"kind":"Sparse","name":"ProfileEvent_AzureGetProperties","num_defaults":8,"num_rows":8},{"kind":"Sparse","name":"ProfileEvent_AzureListObjects","num_defaults":8,"num_rows":8},{"kind":"Sparse","name":"ProfileEvent_AzureUploadPart","num_defaults":8,"num_rows":8},{"kind":"Sparse","name":"ProfileEvent_BackgroundLoadingMarksTasks","num_defaults":8,"num_rows":8},{"kind":"Sparse","name":"ProfileEvent_BackupEntriesCollectorForTablesDataMicroseconds","num_defaults":8,"num_rows":8},{"kind":"Sparse","name":"ProfileEvent_BackupEntriesCollectorMicroseconds","num_defaults":8,"num_rows":8},{"kind":"Sparse","name":"ProfileEvent_BackupEntriesCollectorRunPostTasksMicroseconds","num_defaults":8,"num_rows":8},{"kind":"Sparse","name":"ProfileEvent_BackupReadMetadataMicroseconds","num_defaults":8,"num_rows":8},{"kind":"Sparse","name":"ProfileEvent_BackupWriteMetadataMicroseconds","num_defaults":8,"num_rows":8},{"kind":"Sparse","name":"ProfileEvent_BackupsOpenedForRead","num_defaults":8,"num_rows":8},{"kind":"Sparse","name":"ProfileEvent_BackupsOpenedForWrite","num_defaults":8,"num_rows":8},{"kind":"Sparse","name":"ProfileEvent_CacheWarmerBytesDownloaded","num_defaults":8,"num_rows":8},{"kind":"Sparse","name":"ProfileEvent_CacheWarmerDataPartsDownloaded","num_defaults":8,"num_rows":8},{"kind":"Sparse","name":"ProfileEvent_CachedReadBufferCacheWriteBytes","num_defaults":8,"num_rows":8},{"kind":"Sparse","name":"ProfileEvent_CachedReadBufferCacheWriteMicroseconds","num_defaults":8,"num_rows":8},{"kind":"Sparse","name":"ProfileEvent_CachedReadBufferCreateBufferMicroseconds","num_defaults":8,"num_rows":8},{"kind":"Sparse","name":"ProfileEvent_CachedReadBufferReadFromCacheBytes","num_defaults":8,"num_rows":8},{"kind":"Sparse","name":"ProfileEvent_CachedReadBufferReadFromCacheHits","num_defaults":8,"num_rows":8},{"kind":"Sparse","name":"ProfileEvent_CachedReadBufferReadFromCacheMicroseconds","num_defaults":8,"num_rows":8},{"kind":"Sparse","name":"ProfileEvent_CachedReadBufferReadFromCacheMisses","num_defaults":8,"num_rows":8},{"kind":"Sparse","name":"ProfileEvent_CachedReadBufferReadFromSourceBytes","num_defaults":8,"num_rows":8},{"kind":"Sparse","name":"ProfileEvent_CachedReadBufferReadFromSourceMicroseconds","num_defaults":8,"num_rows":8},{"kind":"Sparse","name":"ProfileEvent_CachedWriteBufferCacheWriteBytes","num_defaults":8,"num_rows":8},{"kind":"Sparse","name":"ProfileEvent_CachedWriteBufferCacheWriteMicroseconds","num_defaults":8,"num_rows":8},{"kind":"Sparse","name":"ProfileEvent_CannotRemoveEphemeralNode","num_defaults":8,"num_rows":8},{"kind":"Sparse","name":"ProfileEvent_CannotWriteToWriteBufferDiscard","num_defaults":8,"num_rows":8},{"kind":"Sparse","name":"ProfileEvent_CompileExpressionsBytes","num_defaults":8,"num_rows":8},{"kind":"Sparse","name":"ProfileEvent_CompileExpressionsMicroseconds","num_defaults":8,"num_rows":8},{"kind":"Sparse","name":"ProfileEvent_CompileFunction","num_defaults":8,"num_rows":8},{"kind":"Sparse","name":"ProfileEvent_CompiledFunctionExecute","num_defaults":8,"num_rows":8},{"kind":"Sparse","name":"ProfileEvent_CompressedReadBufferBlocks","num_defaults":8,"num_rows":8},{"kind":"Sparse","name":"ProfileEvent_CompressedReadBufferBytes","num_defaults":8,"num_rows":8},{"kind":"Sparse","name":"ProfileEvent_ConnectionPoolIsFullMicroseconds","num_defaults":8,"num_rows":8},{"kind":"Default","name":"ProfileEvent_ContextLock","num_defaults":0,"num_rows":8},{"kind":"Sparse","name":"ProfileEvent_ContextLockWaitMicroseconds","num_defaults":8,"num_rows":8},{"kind":"Sparse","name":"ProfileEvent_CreatedLogEntryForMerge","num_defaults":8,"num_rows":8},{"kind":"Sparse","name":"ProfileEvent_CreatedLogEntryForMutation","num_defaults":8,"num_rows":8},{"kind":"Sparse","name":"ProfileEvent_CreatedReadBufferDirectIO","num_defaults":8,"num_rows":8},{"kind":"Sparse","name":"ProfileEvent_CreatedReadBufferDirectIOFailed","num_defaults":8,"num_rows":8},{"kind":"Sparse","name":"ProfileEvent_CreatedReadBufferMMap","num_defaults":8,"num_rows":8},{"kind":"Sparse","name":"ProfileEvent_CreatedReadBufferMMapFailed","num_defaults":8,"num_rows":8},{"kind":"Sparse","name":"ProfileEvent_CreatedReadBufferOrdinary","num_defaults":8,"num_rows":8},{"kind":"Sparse","name":"ProfileEvent_DNSError","num_defaults":8,"num_rows":8},{"kind":"Sparse","name":"ProfileEvent_DataAfterMergeDiffersFromReplica","num_defaults":8,"num_rows":8},{"kind":"Sparse","name":"ProfileEvent_DataAfterMutationDiffersFromReplica","num_defaults":8,"num_rows":8},{"kind":"Sparse","name":"ProfileEvent_DelayedInserts","num_defaults":8,"num_rows":8},{"kind":"Sparse","name":"ProfileEvent_DelayedInsertsMilliseconds","num_defaults":8,"num_rows":8},{"kind":"Sparse","name":"ProfileEvent_DelayedMutations","num_defaults":8,"num_rows":8},{"kind":"Sparse","name":"ProfileEvent_DelayedMutationsMilliseconds","num_defaults":8,"num_rows":8},{"kind":"Sparse","name":"ProfileEvent_DictCacheKeysExpired","num_defaults":8,"num_rows":8},{"kind":"Sparse","name":"ProfileEvent_DictCacheKeysHit","num_defaults":8,"num_rows":8},{"kind":"Sparse","name":"ProfileEvent_DictCacheKeysNotFound","num_defaults":8,"num_rows":8},{"kind":"Sparse","name":"ProfileEvent_DictCacheKeysRequested","num_defaults":8,"num_rows":8},{"kind":"Sparse","name":"ProfileEvent_DictCacheKeysRequestedFound","num_defaults":8,"num_rows":8},{"kind":"Sparse","name":"ProfileEvent_DictCacheKeysRequestedMiss","num_defaults":8,"num_rows":8},{"kind":"Sparse","name":"ProfileEvent_DictCacheLockReadNs","num_defaults":8,"num_rows":8},{"kind":"Sparse","name":"ProfileEvent_DictCacheLockWriteNs","num_defaults":8,"num_rows":8},{"kind":"Sparse","name":"ProfileEvent_DictCacheRequestTimeNs","num_defaults":8,"num_rows":8},{"kind":"Sparse","name":"ProfileEvent_DictCacheRequests","num_defaults":8,"num_rows":8},{"kind":"Sparse","name":"ProfileEvent_DirectorySync","num_defaults":8,"num_rows":8},{"kind":"Sparse","name":"ProfileEvent_DirectorySyncElapsedMicroseconds","num_defaults":8,"num_rows":8},{"kind":"Sparse","name":"ProfileEvent_DiskAzureCopyObject","num_defaults":8,"num_rows":8},{"kind":"Sparse","name":"ProfileEvent_DiskAzureDeleteObjects","num_defaults":8,"num_rows":8},{"kind":"Sparse","name":"ProfileEvent_DiskAzureGetObject","num_defaults":8,"num_rows":8},{"kind":"Sparse","name":"ProfileEvent_DiskAzureGetProperties","num_defaults":8,"num_rows":8},{"kind":"Sparse","name":"ProfileEvent_DiskAzureListObjects","num_defaults":8,"num_rows":8},{"kind":"Sparse","name":"ProfileEvent_DiskAzureUploadPart","num_defaults":8,"num_rows":8},{"kind":"Sparse","name":"ProfileEvent_DiskConnectionsCreated","num_defaults":8,"num_rows":8},{"kind":"Sparse","name":"ProfileEvent_DiskConnectionsElapsedMicroseconds","num_defaults":8,"num_rows":8},{"kind":"Sparse","name":"ProfileEvent_DiskConnectionsErrors","num_defaults":8,"num_rows":8},{"kind":"Sparse","name":"ProfileEvent_DiskConnectionsExpired","num_defaults":8,"num_rows":8},{"kind":"Sparse","name":"ProfileEvent_DiskConnectionsPreserved","num_defaults":8,"num_rows":8},{"kind":"Sparse","name":"ProfileEvent_DiskConnectionsReset","num_defaults":8,"num_rows":8},{"kind":"Sparse","name":"ProfileEvent_DiskConnectionsReused","num_defaults":8,"num_rows":8},{"kind":"Default","name":"ProfileEvent_DiskReadElapsedMicroseconds","num_defaults":0,"num_rows":8},{"kind":"Sparse","name":"ProfileEvent_DiskS3AbortMultipartUpload","num_defaults":8,"num_rows":8},{"kind":"Sparse","name":"ProfileEvent_DiskS3CompleteMultipartUpload","num_defaults":8,"num_rows":8},{"kind":"Sparse","name":"ProfileEvent_DiskS3CopyObject","num_defaults":8,"num_rows":8},{"kind":"Sparse","name":"ProfileEvent_DiskS3CreateMultipartUpload","num_defaults":8,"num_rows":8},{"kind":"Sparse","name":"ProfileEvent_DiskS3DeleteObjects","num_defaults":8,"num_rows":8},{"kind":"Sparse","name":"ProfileEvent_DiskS3GetObject","num_defaults":8,"num_rows":8},{"kind":"Sparse","name":"ProfileEvent_DiskS3GetObjectAttributes","num_defaults":8,"num_rows":8},{"kind":"Sparse","name":"ProfileEvent_DiskS3GetRequestThrottlerCount","num_defaults":8,"num_rows":8},{"kind":"Sparse","name":"ProfileEvent_DiskS3GetRequestThrottlerSleepMicroseconds","num_defaults":8,"num_rows":8},{"kind":"Sparse","name":"ProfileEvent_DiskS3HeadObject","num_defaults":8,"num_rows":8},{"kind":"Sparse","name":"ProfileEvent_DiskS3ListObjects","num_defaults":8,"num_rows":8},{"kind":"Sparse","name":"ProfileEvent_DiskS3PutObject","num_defaults":8,"num_rows":8},{"kind":"Sparse","name":"ProfileEvent_DiskS3PutRequestThrottlerCount","num_defaults":8,"num_rows":8},{"kind":"Sparse","name":"ProfileEvent_DiskS3PutRequestThrottlerSleepMicroseconds","num_defaults":8,"num_rows":8},{"kind":"Sparse","name":"ProfileEvent_DiskS3ReadMicroseconds","num_defaults":8,"num_rows":8},{"kind":"Sparse","name":"ProfileEvent_DiskS3ReadRequestsCount","num_defaults":8,"num_rows":8},{"kind":"Sparse","name":"ProfileEvent_DiskS3ReadRequestsErrors","num_defaults":8,"num_rows":8},{"kind":"Sparse","name":"ProfileEvent_DiskS3ReadRequestsRedirects","num_defaults":8,"num_rows":8},{"kind":"Sparse","name":"ProfileEvent_DiskS3ReadRequestsThrottling","num_defaults":8,"num_rows":8},{"kind":"Sparse","name":"ProfileEvent_DiskS3UploadPart","num_defaults":8,"num_rows":8},{"kind":"Sparse","name":"ProfileEvent_DiskS3UploadPartCopy","num_defaults":8,"num_rows":8},{"kind":"Sparse","name":"ProfileEvent_DiskS3WriteMicroseconds","num_defaults":8,"num_rows":8},{"kind":"Sparse","name":"ProfileEvent_DiskS3WriteRequestsCount","num_defaults":8,"num_rows":8},{"kind":"Sparse","name":"ProfileEvent_DiskS3WriteRequestsErrors","num_defaults":8,"num_rows":8},{"kind":"Sparse","name":"ProfileEvent_DiskS3WriteRequestsRedirects","num_defaults":8,"num_rows":8},{"kind":"Sparse","name":"ProfileEvent_DiskS3WriteRequestsThrottling","num_defaults":8,"num_rows":8},{"kind":"Default","name":"ProfileEvent_DiskWriteElapsedMicroseconds","num_defaults":5,"num_rows":8},{"kind":"Sparse","name":"ProfileEvent_DistrCacheConnectAttempts","num_defaults":8,"num_rows":8},{"kind":"Sparse","name":"ProfileEvent_DistrCacheConnectMicroseconds","num_defaults":8,"num_rows":8},{"kind":"Sparse","name":"ProfileEvent_DistrCacheFallbackReadMicroseconds","num_defaults":8,"num_rows":8},{"kind":"Sparse","name":"ProfileEvent_DistrCacheGetClient","num_defaults":8,"num_rows":8},{"kind":"Sparse","name":"ProfileEvent_DistrCacheGetResponseMicroseconds","num_defaults":8,"num_rows":8},{"kind":"Sparse","name":"ProfileEvent_DistrCacheHoldConnections","num_defaults":8,"num_rows":8},{"kind":"Sparse","name":"ProfileEvent_DistrCacheLockRegistryMicroseconds","num_defaults":8,"num_rows":8},{"kind":"Sparse","name":"ProfileEvent_DistrCacheNextImplMicroseconds","num_defaults":8,"num_rows":8},{"kind":"Sparse","name":"ProfileEvent_DistrCacheOpenedConnections","num_defaults":8,"num_rows":8},{"kind":"Sparse","name":"ProfileEvent_DistrCachePackets","num_defaults":8,"num_rows":8},{"kind":"Sparse","name":"ProfileEvent_DistrCachePrecomputeRangesMicroseconds","num_defaults":8,"num_rows":8},{"kind":"Sparse","name":"ProfileEvent_DistrCacheReadMicroseconds","num_defaults":8,"num_rows":8},{"kind":"Sparse","name":"ProfileEvent_DistrCacheRegistryUpdateMicroseconds","num_defaults":8,"num_rows":8},{"kind":"Sparse","name":"ProfileEvent_DistrCacheRegistryUpdates","num_defaults":8,"num_rows":8},{"kind":"Sparse","name":"ProfileEvent_DistrCacheReusedConnections","num_defaults":8,"num_rows":8},{"kind":"Sparse","name":"ProfileEvent_DistrCacheServerProcessRequestMicroseconds","num_defaults":8,"num_rows":8},{"kind":"Sparse","name":"ProfileEvent_DistrCacheServerSwitches","num_defaults":8,"num_rows":8},{"kind":"Sparse","name":"ProfileEvent_DistrCacheStartRangeMicroseconds","num_defaults":8,"num_rows":8},{"kind":"Sparse","name":"ProfileEvent_DistrCacheUnusedPackets","num_defaults":8,"num_rows":8},{"kind":"Sparse","name":"ProfileEvent_DistrCacheUnusedPacketsBytes","num_defaults":8,"num_rows":8},{"kind":"Sparse","name":"ProfileEvent_DistributedAsyncInsertionFailures","num_defaults":8,"num_rows":8},{"kind":"Sparse","name":"ProfileEvent_DistributedConnectionFailAtAll","num_defaults":8,"num_rows":8},{"kind":"Sparse","name":"ProfileEvent_DistributedConnectionFailTry","num_defaults":8,"num_rows":8},{"kind":"Sparse","name":"ProfileEvent_DistributedConnectionMissingTable","num_defaults":8,"num_rows":8},{"kind":"Sparse","name":"ProfileEvent_DistributedConnectionSkipReadOnlyReplica","num_defaults":8,"num_rows":8},{"kind":"Sparse","name":"ProfileEvent_DistributedConnectionStaleReplica","num_defaults":8,"num_rows":8},{"kind":"Sparse","name":"ProfileEvent_DistributedConnectionTries","num_defaults":8,"num_rows":8},{"kind":"Sparse","name":"ProfileEvent_DistributedConnectionUsable","num_defaults":8,"num_rows":8},{"kind":"Sparse","name":"ProfileEvent_DistributedDelayedInserts","num_defaults":8,"num_rows":8},{"kind":"Sparse","name":"ProfileEvent_DistributedDelayedInsertsMilliseconds","num_defaults":8,"num_rows":8},{"kind":"Sparse","name":"ProfileEvent_DistributedRejectedInserts","num_defaults":8,"num_rows":8},{"kind":"Sparse","name":"ProfileEvent_DistributedSyncInsertionTimeoutExceeded","num_defaults":8,"num_rows":8},{"kind":"Sparse","name":"ProfileEvent_DuplicatedInsertedBlocks","num_defaults":8,"num_rows":8},{"kind":"Sparse","name":"ProfileEvent_EngineFileLikeReadFiles","num_defaults":8,"num_rows":8},{"kind":"Sparse","name":"ProfileEvent_ExecuteShellCommand","num_defaults":8,"num_rows":8},{"kind":"Sparse","name":"ProfileEvent_ExternalAggregationCompressedBytes","num_defaults":8,"num_rows":8},{"kind":"Sparse","name":"ProfileEvent_ExternalAggregationMerge","num_defaults":8,"num_rows":8},{"kind":"Sparse","name":"ProfileEvent_ExternalAggregationUncompressedBytes","num_defaults":8,"num_rows":8},{"kind":"Sparse","name":"ProfileEvent_ExternalAggregationWritePart","num_defaults":8,"num_rows":8},{"kind":"Sparse","name":"ProfileEvent_ExternalDataSourceLocalCacheReadBytes","num_defaults":8,"num_rows":8},{"kind":"Sparse","name":"ProfileEvent_ExternalJoinCompressedBytes","num_defaults":8,"num_rows":8},{"kind":"Sparse","name":"ProfileEvent_ExternalJoinMerge","num_defaults":8,"num_rows":8},{"kind":"Sparse","name":"ProfileEvent_ExternalJoinUncompressedBytes","num_defaults":8,"num_rows":8},{"kind":"Sparse","name":"ProfileEvent_ExternalJoinWritePart","num_defaults":8,"num_rows":8},{"kind":"Sparse","name":"ProfileEvent_ExternalProcessingCompressedBytesTotal","num_defaults":8,"num_rows":8},{"kind":"Sparse","name":"ProfileEvent_ExternalProcessingFilesTotal","num_defaults":8,"num_rows":8},{"kind":"Sparse","name":"ProfileEvent_ExternalProcessingUncompressedBytesTotal","num_defaults":8,"num_rows":8},{"kind":"Sparse","name":"ProfileEvent_ExternalSortCompressedBytes","num_defaults":8,"num_rows":8},{"kind":"Sparse","name":"ProfileEvent_ExternalSortMerge","num_defaults":8,"num_rows":8},{"kind":"Sparse","name":"ProfileEvent_ExternalSortUncompressedBytes","num_defaults":8,"num_rows":8},{"kind":"Sparse","name":"ProfileEvent_ExternalSortWritePart","num_defaults":8,"num_rows":8},{"kind":"Sparse","name":"ProfileEvent_FailedAsyncInsertQuery","num_defaults":8,"num_rows":8},{"kind":"Sparse","name":"ProfileEvent_FailedInsertQuery","num_defaults":8,"num_rows":8},{"kind":"Sparse","name":"ProfileEvent_FailedQuery","num_defaults":8,"num_rows":8},{"kind":"Sparse","name":"ProfileEvent_FailedSelectQuery","num_defaults":8,"num_rows":8},{"kind":"Default","name":"ProfileEvent_FileOpen","num_defaults":5,"num_rows":8},{"kind":"Sparse","name":"ProfileEvent_FileSegmentCacheWriteMicroseconds","num_defaults":8,"num_rows":8},{"kind":"Sparse","name":"ProfileEvent_FileSegmentCompleteMicroseconds","num_defaults":8,"num_rows":8},{"kind":"Sparse","name":"ProfileEvent_FileSegmentFailToIncreasePriority","num_defaults":8,"num_rows":8},{"kind":"Sparse","name":"ProfileEvent_FileSegmentHolderCompleteMicroseconds","num_defaults":8,"num_rows":8},{"kind":"Sparse","name":"ProfileEvent_FileSegmentLockMicroseconds","num_defaults":8,"num_rows":8},{"kind":"Sparse","name":"ProfileEvent_FileSegmentPredownloadMicroseconds","num_defaults":8,"num_rows":8},{"kind":"Sparse","name":"ProfileEvent_FileSegmentReadMicroseconds","num_defaults":8,"num_rows":8},{"kind":"Sparse","name":"ProfileEvent_FileSegmentRemoveMicroseconds","num_defaults":8,"num_rows":8},{"kind":"Sparse","name":"ProfileEvent_FileSegmentUseMicroseconds","num_defaults":8,"num_rows":8},{"kind":"Sparse","name":"ProfileEvent_FileSegmentUsedBytes","num_defaults":8,"num_rows":8},{"kind":"Sparse","name":"ProfileEvent_FileSegmentWaitMicroseconds","num_defaults":8,"num_rows":8},{"kind":"Sparse","name":"ProfileEvent_FileSegmentWaitReadBufferMicroseconds","num_defaults":8,"num_rows":8},{"kind":"Sparse","name":"ProfileEvent_FileSegmentWriteMicroseconds","num_defaults":8,"num_rows":8},{"kind":"Sparse","name":"ProfileEvent_FileSync","num_defaults":8,"num_rows":8},{"kind":"Sparse","name":"ProfileEvent_FileSyncElapsedMicroseconds","num_defaults":8,"num_rows":8},{"kind":"Sparse","name":"ProfileEvent_FilesystemCacheEvictMicroseconds","num_defaults":8,"num_rows":8},{"kind":"Sparse","name":"ProfileEvent_FilesystemCacheEvictedBytes","num_defaults":8,"num_rows":8},{"kind":"Sparse","name":"ProfileEvent_FilesystemCacheEvictedFileSegments","num_defaults":8,"num_rows":8},{"kind":"Sparse","name":"ProfileEvent_FilesystemCacheEvictionSkippedEvictingFileSegments","num_defaults":8,"num_rows":8},{"kind":"Sparse","name":"ProfileEvent_FilesystemCacheEvictionSkippedFileSegments","num_defaults":8,"num_rows":8},{"kind":"Sparse","name":"ProfileEvent_FilesystemCacheEvictionTries","num_defaults":8,"num_rows":8},{"kind":"Sparse","name":"ProfileEvent_FilesystemCacheFailToReserveSpaceBecauseOfLockContention","num_defaults":8,"num_rows":8},{"kind":"Sparse","name":"ProfileEvent_FilesystemCacheGetMicroseconds","num_defaults":8,"num_rows":8},{"kind":"Sparse","name":"ProfileEvent_FilesystemCacheGetOrSetMicroseconds","num_defaults":8,"num_rows":8},{"kind":"Sparse","name":"ProfileEvent_FilesystemCacheHoldFileSegments","num_defaults":8,"num_rows":8},{"kind":"Sparse","name":"ProfileEvent_FilesystemCacheLoadMetadataMicroseconds","num_defaults":8,"num_rows":8},{"kind":"Sparse","name":"ProfileEvent_FilesystemCacheLockCacheMicroseconds","num_defaults":8,"num_rows":8},{"kind":"Sparse","name":"ProfileEvent_FilesystemCacheLockKeyMicroseconds","num_defaults":8,"num_rows":8},{"kind":"Sparse","name":"ProfileEvent_FilesystemCacheLockMetadataMicroseconds","num_defaults":8,"num_rows":8},{"kind":"Sparse","name":"ProfileEvent_FilesystemCacheReserveMicroseconds","num_defaults":8,"num_rows":8},{"kind":"Sparse","name":"ProfileEvent_FilesystemCacheUnusedHoldFileSegments","num_defaults":8,"num_rows":8},{"kind":"Default","name":"ProfileEvent_FunctionExecute","num_defaults":5,"num_rows":8},{"kind":"Sparse","name":"ProfileEvent_HTTPConnectionsCreated","num_defaults":8,"num_rows":8},{"kind":"Sparse","name":"ProfileEvent_HTTPConnectionsElapsedMicroseconds","num_defaults":8,"num_rows":8},{"kind":"Sparse","name":"ProfileEvent_HTTPConnectionsErrors","num_defaults":8,"num_rows":8},{"kind":"Sparse","name":"ProfileEvent_HTTPConnectionsExpired","num_defaults":8,"num_rows":8},{"kind":"Sparse","name":"ProfileEvent_HTTPConnectionsPreserved","num_defaults":8,"num_rows":8},{"kind":"Sparse","name":"ProfileEvent_HTTPConnectionsReset","num_defaults":8,"num_rows":8},{"kind":"Sparse","name":"ProfileEvent_HTTPConnectionsReused","num_defaults":8,"num_rows":8},{"kind":"Sparse","name":"ProfileEvent_HardPageFaults","num_defaults":8,"num_rows":8},{"kind":"Sparse","name":"ProfileEvent_HedgedRequestsChangeReplica","num_defaults":8,"num_rows":8},{"kind":"Default","name":"ProfileEvent_IOBufferAllocBytes","num_defaults":5,"num_rows":8},{"kind":"Default","name":"ProfileEvent_IOBufferAllocs","num_defaults":5,"num_rows":8},{"kind":"Sparse","name":"ProfileEvent_IOUringCQEsCompleted","num_defaults":8,"num_rows":8},{"kind":"Sparse","name":"ProfileEvent_IOUringCQEsFailed","num_defaults":8,"num_rows":8},{"kind":"Sparse","name":"ProfileEvent_IOUringSQEsResubmits","num_defaults":8,"num_rows":8},{"kind":"Sparse","name":"ProfileEvent_IOUringSQEsSubmitted","num_defaults":8,"num_rows":8},{"kind":"Sparse","name":"ProfileEvent_IgnoredColdParts","num_defaults":8,"num_rows":8},{"kind":"Sparse","name":"ProfileEvent_InitialQuery","num_defaults":8,"num_rows":8},{"kind":"Sparse","name":"ProfileEvent_InsertQueriesWithSubqueries","num_defaults":8,"num_rows":8},{"kind":"Sparse","name":"ProfileEvent_InsertQuery","num_defaults":8,"num_rows":8},{"kind":"Sparse","name":"ProfileEvent_InsertQueryTimeMicroseconds","num_defaults":8,"num_rows":8},{"kind":"Default","name":"ProfileEvent_InsertedBytes","num_defaults":5,"num_rows":8},{"kind":"Sparse","name":"ProfileEvent_InsertedCompactParts","num_defaults":8,"num_rows":8},{"kind":"Default","name":"ProfileEvent_InsertedRows","num_defaults":5,"num_rows":8},{"kind":"Sparse","name":"ProfileEvent_InsertedWideParts","num_defaults":8,"num_rows":8},{"kind":"Sparse","name":"ProfileEvent_InterfaceHTTPReceiveBytes","num_defaults":8,"num_rows":8},{"kind":"Sparse","name":"ProfileEvent_InterfaceHTTPSendBytes","num_defaults":8,"num_rows":8},{"kind":"Sparse","name":"ProfileEvent_InterfaceInterserverReceiveBytes","num_defaults":8,"num_rows":8},{"kind":"Sparse","name":"ProfileEvent_InterfaceInterserverSendBytes","num_defaults":8,"num_rows":8},{"kind":"Sparse","name":"ProfileEvent_InterfaceMySQLReceiveBytes","num_defaults":8,"num_rows":8},{"kind":"Sparse","name":"ProfileEvent_InterfaceMySQLSendBytes","num_defaults":8,"num_rows":8},{"kind":"Sparse","name":"ProfileEvent_InterfaceNativeReceiveBytes","num_defaults":8,"num_rows":8},{"kind":"Sparse","name":"ProfileEvent_InterfaceNativeSendBytes","num_defaults":8,"num_rows":8},{"kind":"Sparse","name":"ProfileEvent_InterfacePostgreSQLReceiveBytes","num_defaults":8,"num_rows":8},{"kind":"Sparse","name":"ProfileEvent_InterfacePostgreSQLSendBytes","num_defaults":8,"num_rows":8},{"kind":"Sparse","name":"ProfileEvent_InterfacePrometheusReceiveBytes","num_defaults":8,"num_rows":8},{"kind":"Sparse","name":"ProfileEvent_InterfacePrometheusSendBytes","num_defaults":8,"num_rows":8},{"kind":"Sparse","name":"ProfileEvent_KafkaBackgroundReads","num_defaults":8,"num_rows":8},{"kind":"Sparse","name":"ProfileEvent_KafkaCommitFailures","num_defaults":8,"num_rows":8},{"kind":"Sparse","name":"ProfileEvent_KafkaCommits","num_defaults":8,"num_rows":8},{"kind":"Sparse","name":"ProfileEvent_KafkaConsumerErrors","num_defaults":8,"num_rows":8},{"kind":"Sparse","name":"ProfileEvent_KafkaDirectReads","num_defaults":8,"num_rows":8},{"kind":"Sparse","name":"ProfileEvent_KafkaMessagesFailed","num_defaults":8,"num_rows":8},{"kind":"Sparse","name":"ProfileEvent_KafkaMessagesPolled","num_defaults":8,"num_rows":8},{"kind":"Sparse","name":"ProfileEvent_KafkaMessagesProduced","num_defaults":8,"num_rows":8},{"kind":"Sparse","name":"ProfileEvent_KafkaMessagesRead","num_defaults":8,"num_rows":8},{"kind":"Sparse","name":"ProfileEvent_KafkaProducerErrors","num_defaults":8,"num_rows":8},{"kind":"Sparse","name":"ProfileEvent_KafkaProducerFlushes","num_defaults":8,"num_rows":8},{"kind":"Sparse","name":"ProfileEvent_KafkaRebalanceAssignments","num_defaults":8,"num_rows":8},{"kind":"Sparse","name":"ProfileEvent_KafkaRebalanceErrors","num_defaults":8,"num_rows":8},{"kind":"Sparse","name":"ProfileEvent_KafkaRebalanceRevocations","num_defaults":8,"num_rows":8},{"kind":"Sparse","name":"ProfileEvent_KafkaRowsRead","num_defaults":8,"num_rows":8},{"kind":"Sparse","name":"ProfileEvent_KafkaRowsRejected","num_defaults":8,"num_rows":8},{"kind":"Sparse","name":"ProfileEvent_KafkaRowsWritten","num_defaults":8,"num_rows":8},{"kind":"Sparse","name":"ProfileEvent_KafkaWrites","num_defaults":8,"num_rows":8},{"kind":"Sparse","name":"ProfileEvent_KeeperCheckRequest","num_defaults":8,"num_rows":8},{"kind":"Sparse","name":"ProfileEvent_KeeperCommits","num_defaults":8,"num_rows":8},{"kind":"Sparse","name":"ProfileEvent_KeeperCommitsFailed","num_defaults":8,"num_rows":8},{"kind":"Sparse","name":"ProfileEvent_KeeperCreateRequest","num_defaults":8,"num_rows":8},{"kind":"Sparse","name":"ProfileEvent_KeeperExistsRequest","num_defaults":8,"num_rows":8},{"kind":"Sparse","name":"ProfileEvent_KeeperGetRequest","num_defaults":8,"num_rows":8},{"kind":"Sparse","name":"ProfileEvent_KeeperLatency","num_defaults":8,"num_rows":8},{"kind":"Sparse","name":"ProfileEvent_KeeperListRequest","num_defaults":8,"num_rows":8},{"kind":"Sparse","name":"ProfileEvent_KeeperLogsEntryReadFromCommitCache","num_defaults":8,"num_rows":8},{"kind":"Sparse","name":"ProfileEvent_KeeperLogsEntryReadFromFile","num_defaults":8,"num_rows":8},{"kind":"Sparse","name":"ProfileEvent_KeeperLogsEntryReadFromLatestCache","num_defaults":8,"num_rows":8},{"kind":"Sparse","name":"ProfileEvent_KeeperLogsPrefetchedEntries","num_defaults":8,"num_rows":8},{"kind":"Sparse","name":"ProfileEvent_KeeperMultiReadRequest","num_defaults":8,"num_rows":8},{"kind":"Sparse","name":"ProfileEvent_KeeperMultiRequest","num_defaults":8,"num_rows":8},{"kind":"Sparse","name":"ProfileEvent_KeeperPacketsReceived","num_defaults":8,"num_rows":8},{"kind":"Sparse","name":"ProfileEvent_KeeperPacketsSent","num_defaults":8,"num_rows":8},{"kind":"Sparse","name":"ProfileEvent_KeeperReadSnapshot","num_defaults":8,"num_rows":8},{"kind":"Sparse","name":"ProfileEvent_KeeperReconfigRequest","num_defaults":8,"num_rows":8},{"kind":"Sparse","name":"ProfileEvent_KeeperRemoveRequest","num_defaults":8,"num_rows":8},{"kind":"Sparse","name":"ProfileEvent_KeeperRequestTotal","num_defaults":8,"num_rows":8},{"kind":"Sparse","name":"ProfileEvent_KeeperSaveSnapshot","num_defaults":8,"num_rows":8},{"kind":"Sparse","name":"ProfileEvent_KeeperSetRequest","num_defaults":8,"num_rows":8},{"kind":"Sparse","name":"ProfileEvent_KeeperSnapshotApplys","num_defaults":8,"num_rows":8},{"kind":"Sparse","name":"ProfileEvent_KeeperSnapshotApplysFailed","num_defaults":8,"num_rows":8},{"kind":"Sparse","name":"ProfileEvent_KeeperSnapshotCreations","num_defaults":8,"num_rows":8},{"kind":"Sparse","name":"ProfileEvent_KeeperSnapshotCreationsFailed","num_defaults":8,"num_rows":8},{"kind":"Sparse","name":"ProfileEvent_LoadedMarksCount","num_defaults":8,"num_rows":8},{"kind":"Sparse","name":"ProfileEvent_LoadedMarksMemoryBytes","num_defaults":8,"num_rows":8},{"kind":"Sparse","name":"ProfileEvent_LocalReadThrottlerBytes","num_defaults":8,"num_rows":8},{"kind":"Sparse","name":"ProfileEvent_LocalReadThrottlerSleepMicroseconds","num_defaults":8,"num_rows":8},{"kind":"Sparse","name":"ProfileEvent_LocalWriteThrottlerBytes","num_defaults":8,"num_rows":8},{"kind":"Sparse","name":"ProfileEvent_LocalWriteThrottlerSleepMicroseconds","num_defaults":8,"num_rows":8},{"kind":"Default","name":"ProfileEvent_LogDebug","num_defaults":7,"num_rows":8},{"kind":"Default","name":"ProfileEvent_LogError","num_defaults":5,"num_rows":8},{"kind":"Sparse","name":"ProfileEvent_LogFatal","num_defaults":8,"num_rows":8},{"kind":"Sparse","name":"ProfileEvent_LogInfo","num_defaults":8,"num_rows":8},{"kind":"Sparse","name":"ProfileEvent_LogTest","num_defaults":8,"num_rows":8},{"kind":"Default","name":"ProfileEvent_LogTrace","num_defaults":2,"num_rows":8},{"kind":"Sparse","name":"ProfileEvent_LogWarning","num_defaults":8,"num_rows":8},{"kind":"Sparse","name":"ProfileEvent_MMappedFileCacheHits","num_defaults":8,"num_rows":8},{"kind":"Sparse","name":"ProfileEvent_MMappedFileCacheMisses","num_defaults":8,"num_rows":8},{"kind":"Sparse","name":"ProfileEvent_MainConfigLoads","num_defaults":8,"num_rows":8},{"kind":"Sparse","name":"ProfileEvent_MarkCacheHits","num_defaults":8,"num_rows":8},{"kind":"Sparse","name":"ProfileEvent_MarkCacheMisses","num_defaults":8,"num_rows":8},{"kind":"Sparse","name":"ProfileEvent_MemoryAllocatorPurge","num_defaults":8,"num_rows":8},{"kind":"Sparse","name":"ProfileEvent_MemoryAllocatorPurgeTimeMicroseconds","num_defaults":8,"num_rows":8},{"kind":"Sparse","name":"ProfileEvent_MemoryOvercommitWaitTimeMicroseconds","num_defaults":8,"num_rows":8},{"kind":"Sparse","name":"ProfileEvent_Merge","num_defaults":8,"num_rows":8},{"kind":"Sparse","name":"ProfileEvent_MergeTreeAllRangesAnnouncementsSent","num_defaults":8,"num_rows":8},{"kind":"Sparse","name":"ProfileEvent_MergeTreeAllRangesAnnouncementsSentElapsedMicroseconds","num_defaults":8,"num_rows":8},{"kind":"Sparse","name":"ProfileEvent_MergeTreeDataProjectionWriterBlocks","num_defaults":8,"num_rows":8},{"kind":"Sparse","name":"ProfileEvent_MergeTreeDataProjectionWriterBlocksAlreadySorted","num_defaults":8,"num_rows":8},{"kind":"Sparse","name":"ProfileEvent_MergeTreeDataProjectionWriterCompressedBytes","num_defaults":8,"num_rows":8},{"kind":"Sparse","name":"ProfileEvent_MergeTreeDataProjectionWriterMergingBlocksMicroseconds","num_defaults":8,"num_rows":8},{"kind":"Sparse","name":"ProfileEvent_MergeTreeDataProjectionWriterRows","num_defaults":8,"num_rows":8},{"kind":"Sparse","name":"ProfileEvent_MergeTreeDataProjectionWriterSortingBlocksMicroseconds","num_defaults":8,"num_rows":8},{"kind":"Sparse","name":"ProfileEvent_MergeTreeDataProjectionWriterUncompressedBytes","num_defaults":8,"num_rows":8},{"kind":"Default","name":"ProfileEvent_MergeTreeDataWriterBlocks","num_defaults":5,"num_rows":8},{"kind":"Default","name":"ProfileEvent_MergeTreeDataWriterBlocksAlreadySorted","num_defaults":6,"num_rows":8},{"kind":"Default","name":"ProfileEvent_MergeTreeDataWriterCompressedBytes","num_defaults":5,"num_rows":8},{"kind":"Default","name":"ProfileEvent_MergeTreeDataWriterMergingBlocksMicroseconds","num_defaults":5,"num_rows":8},{"kind":"Sparse","name":"ProfileEvent_MergeTreeDataWriterProjectionsCalculationMicroseconds","num_defaults":8,"num_rows":8},{"kind":"Default","name":"ProfileEvent_MergeTreeDataWriterRows","num_defaults":5,"num_rows":8},{"kind":"Sparse","name":"ProfileEvent_MergeTreeDataWriterSkipIndicesCalculationMicroseconds","num_defaults":8,"num_rows":8},{"kind":"Default","name":"ProfileEvent_MergeTreeDataWriterSortingBlocksMicroseconds","num_defaults":5,"num_rows":8},{"kind":"Sparse","name":"ProfileEvent_MergeTreeDataWriterStatisticsCalculationMicroseconds","num_defaults":8,"num_rows":8},{"kind":"Default","name":"ProfileEvent_MergeTreeDataWriterUncompressedBytes","num_defaults":5,"num_rows":8},{"kind":"Sparse","name":"ProfileEvent_MergeTreePrefetchedReadPoolInit","num_defaults":8,"num_rows":8},{"kind":"Sparse","name":"ProfileEvent_MergeTreeReadTaskRequestsReceived","num_defaults":8,"num_rows":8},{"kind":"Sparse","name":"ProfileEvent_MergeTreeReadTaskRequestsSent","num_defaults":8,"num_rows":8},{"kind":"Sparse","name":"ProfileEvent_MergeTreeReadTaskRequestsSentElapsedMicroseconds","num_defaults":8,"num_rows":8},{"kind":"Sparse","name":"ProfileEvent_MergedIntoCompactParts","num_defaults":8,"num_rows":8},{"kind":"Sparse","name":"ProfileEvent_MergedIntoWideParts","num_defaults":8,"num_rows":8},{"kind":"Sparse","name":"ProfileEvent_MergedRows","num_defaults":8,"num_rows":8},{"kind":"Sparse","name":"ProfileEvent_MergedUncompressedBytes","num_defaults":8,"num_rows":8},{"kind":"Sparse","name":"ProfileEvent_MergesTimeMilliseconds","num_defaults":8,"num_rows":8},{"kind":"Sparse","name":"ProfileEvent_MetadataFromKeeperBackgroundCleanupErrors","num_defaults":8,"num_rows":8},{"kind":"Sparse","name":"ProfileEvent_MetadataFromKeeperBackgroundCleanupObjects","num_defaults":8,"num_rows":8},{"kind":"Sparse","name":"ProfileEvent_MetadataFromKeeperBackgroundCleanupTransactions","num_defaults":8,"num_rows":8},{"kind":"Sparse","name":"ProfileEvent_MetadataFromKeeperCacheHit","num_defaults":8,"num_rows":8},{"kind":"Sparse","name":"ProfileEvent_MetadataFromKeeperCacheMiss","num_defaults":8,"num_rows":8},{"kind":"Sparse","name":"ProfileEvent_MetadataFromKeeperCacheUpdateMicroseconds","num_defaults":8,"num_rows":8},{"kind":"Sparse","name":"ProfileEvent_MetadataFromKeeperCleanupTransactionCommit","num_defaults":8,"num_rows":8},{"kind":"Sparse","name":"ProfileEvent_MetadataFromKeeperCleanupTransactionCommitRetry","num_defaults":8,"num_rows":8},{"kind":"Sparse","name":"ProfileEvent_MetadataFromKeeperIndividualOperations","num_defaults":8,"num_rows":8},{"kind":"Sparse","name":"ProfileEvent_MetadataFromKeeperOperations","num_defaults":8,"num_rows":8},{"kind":"Sparse","name":"ProfileEvent_MetadataFromKeeperReconnects","num_defaults":8,"num_rows":8},{"kind":"Sparse","name":"ProfileEvent_MetadataFromKeeperTransactionCommit","num_defaults":8,"num_rows":8},{"kind":"Sparse","name":"ProfileEvent_MetadataFromKeeperTransactionCommitRetry","num_defaults":8,"num_rows":8},{"kind":"Sparse","name":"ProfileEvent_MetadataFromKeeperUpdateCacheOneLevel","num_defaults":8,"num_rows":8},{"kind":"Sparse","name":"ProfileEvent_MutateTaskProjectionsCalculationMicroseconds","num_defaults":8,"num_rows":8},{"kind":"Sparse","name":"ProfileEvent_MutationsAppliedOnFlyInAllParts","num_defaults":8,"num_rows":8},{"kind":"Sparse","name":"ProfileEvent_NetworkReceiveBytes","num_defaults":8,"num_rows":8},{"kind":"Sparse","name":"ProfileEvent_NetworkReceiveElapsedMicroseconds","num_defaults":8,"num_rows":8},{"kind":"Sparse","name":"ProfileEvent_NetworkSendBytes","num_defaults":8,"num_rows":8},{"kind":"Sparse","name":"ProfileEvent_NetworkSendElapsedMicroseconds","num_defaults":8,"num_rows":8},{"kind":"Sparse","name":"ProfileEvent_NotCreatedLogEntryForMerge","num_defaults":8,"num_rows":8},{"kind":"Sparse","name":"ProfileEvent_NotCreatedLogEntryForMutation","num_defaults":8,"num_rows":8},{"kind":"Sparse","name":"ProfileEvent_OSCPUVirtualTimeMicroseconds","num_defaults":8,"num_rows":8},{"kind":"Sparse","name":"ProfileEvent_OSCPUWaitMicroseconds","num_defaults":8,"num_rows":8},{"kind":"Sparse","name":"ProfileEvent_OSIOWaitMicroseconds","num_defaults":8,"num_rows":8},{"kind":"Sparse","name":"ProfileEvent_OSReadBytes","num_defaults":8,"num_rows":8},{"kind":"Sparse","name":"ProfileEvent_OSReadChars","num_defaults":8,"num_rows":8},{"kind":"Sparse","name":"ProfileEvent_OSWriteBytes","num_defaults":8,"num_rows":8},{"kind":"Sparse","name":"ProfileEvent_OSWriteChars","num_defaults":8,"num_rows":8},{"kind":"Sparse","name":"ProfileEvent_ObsoleteReplicatedParts","num_defaults":8,"num_rows":8},{"kind":"Sparse","name":"ProfileEvent_OpenedFileCacheHits","num_defaults":8,"num_rows":8},{"kind":"Sparse","name":"ProfileEvent_OpenedFileCacheMicroseconds","num_defaults":8,"num_rows":8},{"kind":"Sparse","name":"ProfileEvent_OpenedFileCacheMisses","num_defaults":8,"num_rows":8},{"kind":"Sparse","name":"ProfileEvent_OtherQueryTimeMicroseconds","num_defaults":8,"num_rows":8},{"kind":"Sparse","name":"ProfileEvent_OverflowAny","num_defaults":8,"num_rows":8},{"kind":"Sparse","name":"ProfileEvent_OverflowBreak","num_defaults":8,"num_rows":8},{"kind":"Sparse","name":"ProfileEvent_OverflowThrow","num_defaults":8,"num_rows":8},{"kind":"Sparse","name":"ProfileEvent_PageCacheBytesUnpinnedRoundedToHugePages","num_defaults":8,"num_rows":8},{"kind":"Sparse","name":"ProfileEvent_PageCacheBytesUnpinnedRoundedToPages","num_defaults":8,"num_rows":8},{"kind":"Sparse","name":"ProfileEvent_PageCacheChunkDataHits","num_defaults":8,"num_rows":8},{"kind":"Sparse","name":"ProfileEvent_PageCacheChunkDataMisses","num_defaults":8,"num_rows":8},{"kind":"Sparse","name":"ProfileEvent_PageCacheChunkDataPartialHits","num_defaults":8,"num_rows":8},{"kind":"Sparse","name":"ProfileEvent_PageCacheChunkMisses","num_defaults":8,"num_rows":8},{"kind":"Sparse","name":"ProfileEvent_PageCacheChunkShared","num_defaults":8,"num_rows":8},{"kind":"Sparse","name":"ProfileEvent_ParallelReplicasAvailableCount","num_defaults":8,"num_rows":8},{"kind":"Sparse","name":"ProfileEvent_ParallelReplicasCollectingOwnedSegmentsMicroseconds","num_defaults":8,"num_rows":8},{"kind":"Sparse","name":"ProfileEvent_ParallelReplicasDeniedRequests","num_defaults":8,"num_rows":8},{"kind":"Sparse","name":"ProfileEvent_ParallelReplicasHandleAnnouncementMicroseconds","num_defaults":8,"num_rows":8},{"kind":"Sparse","name":"ProfileEvent_ParallelReplicasHandleRequestMicroseconds","num_defaults":8,"num_rows":8},{"kind":"Sparse","name":"ProfileEvent_ParallelReplicasNumRequests","num_defaults":8,"num_rows":8},{"kind":"Sparse","name":"ProfileEvent_ParallelReplicasProcessingPartsMicroseconds","num_defaults":8,"num_rows":8},{"kind":"Sparse","name":"ProfileEvent_ParallelReplicasReadAssignedForStealingMarks","num_defaults":8,"num_rows":8},{"kind":"Sparse","name":"ProfileEvent_ParallelReplicasReadAssignedMarks","num_defaults":8,"num_rows":8},{"kind":"Sparse","name":"ProfileEvent_ParallelReplicasReadUnassignedMarks","num_defaults":8,"num_rows":8},{"kind":"Sparse","name":"ProfileEvent_ParallelReplicasStealingByHashMicroseconds","num_defaults":8,"num_rows":8},{"kind":"Sparse","name":"ProfileEvent_ParallelReplicasStealingLeftoversMicroseconds","num_defaults":8,"num_rows":8},{"kind":"Sparse","name":"ProfileEvent_ParallelReplicasUnavailableCount","num_defaults":8,"num_rows":8},{"kind":"Sparse","name":"ProfileEvent_ParallelReplicasUsedCount","num_defaults":8,"num_rows":8},{"kind":"Default","name":"ProfileEvent_PartsLockHoldMicroseconds","num_defaults":3,"num_rows":8},{"kind":"Default","name":"ProfileEvent_PartsLockWaitMicroseconds","num_defaults":5,"num_rows":8},{"kind":"Sparse","name":"ProfileEvent_PartsWithAppliedMutationsOnFly","num_defaults":8,"num_rows":8},{"kind":"Sparse","name":"ProfileEvent_PerfAlignmentFaults","num_defaults":8,"num_rows":8},{"kind":"Sparse","name":"ProfileEvent_PerfBranchInstructions","num_defaults":8,"num_rows":8},{"kind":"Sparse","name":"ProfileEvent_PerfBranchMisses","num_defaults":8,"num_rows":8},{"kind":"Sparse","name":"ProfileEvent_PerfBusCycles","num_defaults":8,"num_rows":8},{"kind":"Sparse","name":"ProfileEvent_PerfCPUClock","num_defaults":8,"num_rows":8},{"kind":"Sparse","name":"ProfileEvent_PerfCPUCycles","num_defaults":8,"num_rows":8},{"kind":"Sparse","name":"ProfileEvent_PerfCPUMigrations","num_defaults":8,"num_rows":8},{"kind":"Sparse","name":"ProfileEvent_PerfCacheMisses","num_defaults":8,"num_rows":8},{"kind":"Sparse","name":"ProfileEvent_PerfCacheReferences","num_defaults":8,"num_rows":8},{"kind":"Sparse","name":"ProfileEvent_PerfContextSwitches","num_defaults":8,"num_rows":8},{"kind":"Sparse","name":"ProfileEvent_PerfDataTLBMisses","num_defaults":8,"num_rows":8},{"kind":"Sparse","name":"ProfileEvent_PerfDataTLBReferences","num_defaults":8,"num_rows":8},{"kind":"Sparse","name":"ProfileEvent_PerfEmulationFaults","num_defaults":8,"num_rows":8},{"kind":"Sparse","name":"ProfileEvent_PerfInstructionTLBMisses","num_defaults":8,"num_rows":8},{"kind":"Sparse","name":"ProfileEvent_PerfInstructionTLBReferences","num_defaults":8,"num_rows":8},{"kind":"Sparse","name":"ProfileEvent_PerfInstructions","num_defaults":8,"num_rows":8},{"kind":"Sparse","name":"ProfileEvent_PerfLocalMemoryMisses","num_defaults":8,"num_rows":8},{"kind":"Sparse","name":"ProfileEvent_PerfLocalMemoryReferences","num_defaults":8,"num_rows":8},{"kind":"Sparse","name":"ProfileEvent_PerfMinEnabledRunningTime","num_defaults":8,"num_rows":8},{"kind":"Sparse","name":"ProfileEvent_PerfMinEnabledTime","num_defaults":8,"num_rows":8},{"kind":"Sparse","name":"ProfileEvent_PerfRefCPUCycles","num_defaults":8,"num_rows":8},{"kind":"Sparse","name":"ProfileEvent_PerfStalledCyclesBackend","num_defaults":8,"num_rows":8},{"kind":"Sparse","name":"ProfileEvent_PerfStalledCyclesFrontend","num_defaults":8,"num_rows":8},{"kind":"Sparse","name":"ProfileEvent_PerfTaskClock","num_defaults":8,"num_rows":8},{"kind":"Sparse","name":"ProfileEvent_PolygonsAddedToPool","num_defaults":8,"num_rows":8},{"kind":"Sparse","name":"ProfileEvent_PolygonsInPoolAllocatedBytes","num_defaults":8,"num_rows":8},{"kind":"Sparse","name":"ProfileEvent_PreferredWarmedUnmergedParts","num_defaults":8,"num_rows":8},{"kind":"Sparse","name":"ProfileEvent_QueriesWithSubqueries","num_defaults":8,"num_rows":8},{"kind":"Sparse","name":"ProfileEvent_Query","num_defaults":8,"num_rows":8},{"kind":"Sparse","name":"ProfileEvent_QueryCacheHits","num_defaults":8,"num_rows":8},{"kind":"Sparse","name":"ProfileEvent_QueryCacheMisses","num_defaults":8,"num_rows":8},{"kind":"Sparse","name":"ProfileEvent_QueryMaskingRulesMatch","num_defaults":8,"num_rows":8},{"kind":"Sparse","name":"ProfileEvent_QueryMemoryLimitExceeded","num_defaults":8,"num_rows":8},{"kind":"Sparse","name":"ProfileEvent_QueryProfilerConcurrencyOverruns","num_defaults":8,"num_rows":8},{"kind":"Sparse","name":"ProfileEvent_QueryProfilerRuns","num_defaults":8,"num_rows":8},{"kind":"Sparse","name":"ProfileEvent_QueryProfilerSignalOverruns","num_defaults":8,"num_rows":8},{"kind":"Sparse","name":"ProfileEvent_QueryTimeMicroseconds","num_defaults":8,"num_rows":8},{"kind":"Default","name":"ProfileEvent_RWLockAcquiredReadLocks","num_defaults":3,"num_rows":8},{"kind":"Sparse","name":"ProfileEvent_RWLockAcquiredWriteLocks","num_defaults":8,"num_rows":8},{"kind":"Sparse","name":"ProfileEvent_RWLockReadersWaitMilliseconds","num_defaults":8,"num_rows":8},{"kind":"Sparse","name":"ProfileEvent_RWLockWritersWaitMilliseconds","num_defaults":8,"num_rows":8},{"kind":"Sparse","name":"ProfileEvent_ReadBackoff","num_defaults":8,"num_rows":8},{"kind":"Sparse","name":"ProfileEvent_ReadBufferFromAzureBytes","num_defaults":8,"num_rows":8},{"kind":"Sparse","name":"ProfileEvent_ReadBufferFromAzureInitMicroseconds","num_defaults":8,"num_rows":8},{"kind":"Sparse","name":"ProfileEvent_ReadBufferFromAzureMicroseconds","num_defaults":8,"num_rows":8},{"kind":"Sparse","name":"ProfileEvent_ReadBufferFromAzureRequestsErrors","num_defaults":8,"num_rows":8},{"kind":"Default","name":"ProfileEvent_ReadBufferFromFileDescriptorRead","num_defaults":0,"num_rows":8},{"kind":"Default","name":"ProfileEvent_ReadBufferFromFileDescriptorReadBytes","num_defaults":0,"num_rows":8},{"kind":"Sparse","name":"ProfileEvent_ReadBufferFromFileDescriptorReadFailed","num_defaults":8,"num_rows":8},{"kind":"Sparse","name":"ProfileEvent_ReadBufferFromS3Bytes","num_defaults":8,"num_rows":8},{"kind":"Sparse","name":"ProfileEvent_ReadBufferFromS3InitMicroseconds","num_defaults":8,"num_rows":8},{"kind":"Sparse","name":"ProfileEvent_ReadBufferFromS3Microseconds","num_defaults":8,"num_rows":8},{"kind":"Sparse","name":"ProfileEvent_ReadBufferFromS3PreservedSessions","num_defaults":8,"num_rows":8},{"kind":"Sparse","name":"ProfileEvent_ReadBufferFromS3RequestsErrors","num_defaults":8,"num_rows":8},{"kind":"Sparse","name":"ProfileEvent_ReadBufferFromS3ResetSessions","num_defaults":8,"num_rows":8},{"kind":"Sparse","name":"ProfileEvent_ReadBufferSeekCancelConnection","num_defaults":8,"num_rows":8},{"kind":"Sparse","name":"ProfileEvent_ReadCompressedBytes","num_defaults":8,"num_rows":8},{"kind":"Sparse","name":"ProfileEvent_ReadTaskRequestsReceived","num_defaults":8,"num_rows":8},{"kind":"Sparse","name":"ProfileEvent_ReadTaskRequestsSent","num_defaults":8,"num_rows":8},{"kind":"Sparse","name":"ProfileEvent_ReadTaskRequestsSentElapsedMicroseconds","num_defaults":8,"num_rows":8},{"kind":"Sparse","name":"ProfileEvent_ReadWriteBufferFromHTTPBytes","num_defaults":8,"num_rows":8},{"kind":"Sparse","name":"ProfileEvent_ReadWriteBufferFromHTTPRequestsSent","num_defaults":8,"num_rows":8},{"kind":"Sparse","name":"ProfileEvent_RealTimeMicroseconds","num_defaults":8,"num_rows":8},{"kind":"Sparse","name":"ProfileEvent_RegexpCreated","num_defaults":8,"num_rows":8},{"kind":"Sparse","name":"ProfileEvent_RejectedInserts","num_defaults":8,"num_rows":8},{"kind":"Sparse","name":"ProfileEvent_RejectedMutations","num_defaults":8,"num_rows":8},{"kind":"Sparse","name":"ProfileEvent_RemoteFSBuffers","num_defaults":8,"num_rows":8},{"kind":"Sparse","name":"ProfileEvent_RemoteFSCancelledPrefetches","num_defaults":8,"num_rows":8},{"kind":"Sparse","name":"ProfileEvent_RemoteFSLazySeeks","num_defaults":8,"num_rows":8},{"kind":"Sparse","name":"ProfileEvent_RemoteFSPrefetchedBytes","num_defaults":8,"num_rows":8},{"kind":"Sparse","name":"ProfileEvent_RemoteFSPrefetchedReads","num_defaults":8,"num_rows":8},{"kind":"Sparse","name":"ProfileEvent_RemoteFSPrefetches","num_defaults":8,"num_rows":8},{"kind":"Sparse","name":"ProfileEvent_RemoteFSSeeks","num_defaults":8,"num_rows":8},{"kind":"Sparse","name":"ProfileEvent_RemoteFSSeeksWithReset","num_defaults":8,"num_rows":8},{"kind":"Sparse","name":"ProfileEvent_RemoteFSUnprefetchedBytes","num_defaults":8,"num_rows":8},{"kind":"Sparse","name":"ProfileEvent_RemoteFSUnprefetchedReads","num_defaults":8,"num_rows":8},{"kind":"Sparse","name":"ProfileEvent_RemoteFSUnusedPrefetches","num_defaults":8,"num_rows":8},{"kind":"Sparse","name":"ProfileEvent_RemoteReadThrottlerBytes","num_defaults":8,"num_rows":8},{"kind":"Sparse","name":"ProfileEvent_RemoteReadThrottlerSleepMicroseconds","num_defaults":8,"num_rows":8},{"kind":"Sparse","name":"ProfileEvent_RemoteWriteThrottlerBytes","num_defaults":8,"num_rows":8},{"kind":"Sparse","name":"ProfileEvent_RemoteWriteThrottlerSleepMicroseconds","num_defaults":8,"num_rows":8},{"kind":"Sparse","name":"ProfileEvent_ReplicaPartialShutdown","num_defaults":8,"num_rows":8},{"kind":"Sparse","name":"ProfileEvent_ReplicatedCoveredPartsInZooKeeperOnStart","num_defaults":8,"num_rows":8},{"kind":"Sparse","name":"ProfileEvent_ReplicatedDataLoss","num_defaults":8,"num_rows":8},{"kind":"Sparse","name":"ProfileEvent_ReplicatedPartChecks","num_defaults":8,"num_rows":8},{"kind":"Sparse","name":"ProfileEvent_ReplicatedPartChecksFailed","num_defaults":8,"num_rows":8},{"kind":"Sparse","name":"ProfileEvent_ReplicatedPartFailedFetches","num_defaults":8,"num_rows":8},{"kind":"Sparse","name":"ProfileEvent_ReplicatedPartFetches","num_defaults":8,"num_rows":8},{"kind":"Sparse","name":"ProfileEvent_ReplicatedPartFetchesOfMerged","num_defaults":8,"num_rows":8},{"kind":"Sparse","name":"ProfileEvent_ReplicatedPartMerges","num_defaults":8,"num_rows":8},{"kind":"Sparse","name":"ProfileEvent_ReplicatedPartMutations","num_defaults":8,"num_rows":8},{"kind":"Sparse","name":"ProfileEvent_S3AbortMultipartUpload","num_defaults":8,"num_rows":8},{"kind":"Sparse","name":"ProfileEvent_S3Clients","num_defaults":8,"num_rows":8},{"kind":"Sparse","name":"ProfileEvent_S3CompleteMultipartUpload","num_defaults":8,"num_rows":8},{"kind":"Sparse","name":"ProfileEvent_S3CopyObject","num_defaults":8,"num_rows":8},{"kind":"Sparse","name":"ProfileEvent_S3CreateMultipartUpload","num_defaults":8,"num_rows":8},{"kind":"Sparse","name":"ProfileEvent_S3DeleteObjects","num_defaults":8,"num_rows":8},{"kind":"Sparse","name":"ProfileEvent_S3GetObject","num_defaults":8,"num_rows":8},{"kind":"Sparse","name":"ProfileEvent_S3GetObjectAttributes","num_defaults":8,"num_rows":8},{"kind":"Sparse","name":"ProfileEvent_S3GetRequestThrottlerCount","num_defaults":8,"num_rows":8},{"kind":"Sparse","name":"ProfileEvent_S3GetRequestThrottlerSleepMicroseconds","num_defaults":8,"num_rows":8},{"kind":"Sparse","name":"ProfileEvent_S3HeadObject","num_defaults":8,"num_rows":8},{"kind":"Sparse","name":"ProfileEvent_S3ListObjects","num_defaults":8,"num_rows":8},{"kind":"Sparse","name":"ProfileEvent_S3PutObject","num_defaults":8,"num_rows":8},{"kind":"Sparse","name":"ProfileEvent_S3PutRequestThrottlerCount","num_defaults":8,"num_rows":8},{"kind":"Sparse","name":"ProfileEvent_S3PutRequestThrottlerSleepMicroseconds","num_defaults":8,"num_rows":8},{"kind":"Sparse","name":"ProfileEvent_S3QueueCleanupMaxSetSizeOrTTLMicroseconds","num_defaults":8,"num_rows":8},{"kind":"Sparse","name":"ProfileEvent_S3QueueLockLocalFileStatusesMicroseconds","num_defaults":8,"num_rows":8},{"kind":"Sparse","name":"ProfileEvent_S3QueuePullMicroseconds","num_defaults":8,"num_rows":8},{"kind":"Sparse","name":"ProfileEvent_S3QueueSetFileFailedMicroseconds","num_defaults":8,"num_rows":8},{"kind":"Sparse","name":"ProfileEvent_S3QueueSetFileProcessedMicroseconds","num_defaults":8,"num_rows":8},{"kind":"Sparse","name":"ProfileEvent_S3QueueSetFileProcessingMicroseconds","num_defaults":8,"num_rows":8},{"kind":"Sparse","name":"ProfileEvent_S3ReadMicroseconds","num_defaults":8,"num_rows":8},{"kind":"Sparse","name":"ProfileEvent_S3ReadRequestsCount","num_defaults":8,"num_rows":8},{"kind":"Sparse","name":"ProfileEvent_S3ReadRequestsErrors","num_defaults":8,"num_rows":8},{"kind":"Sparse","name":"ProfileEvent_S3ReadRequestsRedirects","num_defaults":8,"num_rows":8},{"kind":"Sparse","name":"ProfileEvent_S3ReadRequestsThrottling","num_defaults":8,"num_rows":8},{"kind":"Sparse","name":"ProfileEvent_S3UploadPart","num_defaults":8,"num_rows":8},{"kind":"Sparse","name":"ProfileEvent_S3UploadPartCopy","num_defaults":8,"num_rows":8},{"kind":"Sparse","name":"ProfileEvent_S3WriteMicroseconds","num_defaults":8,"num_rows":8},{"kind":"Sparse","name":"ProfileEvent_S3WriteRequestsCount","num_defaults":8,"num_rows":8},{"kind":"Sparse","name":"ProfileEvent_S3WriteRequestsErrors","num_defaults":8,"num_rows":8},{"kind":"Sparse","name":"ProfileEvent_S3WriteRequestsRedirects","num_defaults":8,"num_rows":8},{"kind":"Sparse","name":"ProfileEvent_S3WriteRequestsThrottling","num_defaults":8,"num_rows":8},{"kind":"Sparse","name":"ProfileEvent_ScalarSubqueriesCacheMiss","num_defaults":8,"num_rows":8},{"kind":"Sparse","name":"ProfileEvent_ScalarSubqueriesGlobalCacheHit","num_defaults":8,"num_rows":8},{"kind":"Sparse","name":"ProfileEvent_ScalarSubqueriesLocalCacheHit","num_defaults":8,"num_rows":8},{"kind":"Sparse","name":"ProfileEvent_SchemaInferenceCacheEvictions","num_defaults":8,"num_rows":8},{"kind":"Sparse","name":"ProfileEvent_SchemaInferenceCacheHits","num_defaults":8,"num_rows":8},{"kind":"Sparse","name":"ProfileEvent_SchemaInferenceCacheInvalidations","num_defaults":8,"num_rows":8},{"kind":"Sparse","name":"ProfileEvent_SchemaInferenceCacheMisses","num_defaults":8,"num_rows":8},{"kind":"Sparse","name":"ProfileEvent_SchemaInferenceCacheNumRowsHits","num_defaults":8,"num_rows":8},{"kind":"Sparse","name":"ProfileEvent_SchemaInferenceCacheNumRowsMisses","num_defaults":8,"num_rows":8},{"kind":"Sparse","name":"ProfileEvent_SchemaInferenceCacheSchemaHits","num_defaults":8,"num_rows":8},{"kind":"Sparse","name":"ProfileEvent_SchemaInferenceCacheSchemaMisses","num_defaults":8,"num_rows":8},{"kind":"Sparse","name":"ProfileEvent_Seek","num_defaults":8,"num_rows":8},{"kind":"Sparse","name":"ProfileEvent_SelectQueriesWithSubqueries","num_defaults":8,"num_rows":8},{"kind":"Sparse","name":"ProfileEvent_SelectQuery","num_defaults":8,"num_rows":8},{"kind":"Sparse","name":"ProfileEvent_SelectQueryTimeMicroseconds","num_defaults":8,"num_rows":8},{"kind":"Default","name":"ProfileEvent_SelectedBytes","num_defaults":5,"num_rows":8},{"kind":"Sparse","name":"ProfileEvent_SelectedMarks","num_defaults":8,"num_rows":8},{"kind":"Sparse","name":"ProfileEvent_SelectedParts","num_defaults":8,"num_rows":8},{"kind":"Sparse","name":"ProfileEvent_SelectedRanges","num_defaults":8,"num_rows":8},{"kind":"Default","name":"ProfileEvent_SelectedRows","num_defaults":5,"num_rows":8},{"kind":"Sparse","name":"ProfileEvent_ServerStartupMilliseconds","num_defaults":8,"num_rows":8},{"kind":"Sparse","name":"ProfileEvent_SleepFunctionCalls","num_defaults":8,"num_rows":8},{"kind":"Sparse","name":"ProfileEvent_SleepFunctionElapsedMicroseconds","num_defaults":8,"num_rows":8},{"kind":"Sparse","name":"ProfileEvent_SleepFunctionMicroseconds","num_defaults":8,"num_rows":8},{"kind":"Sparse","name":"ProfileEvent_SlowRead","num_defaults":8,"num_rows":8},{"kind":"Sparse","name":"ProfileEvent_SoftPageFaults","num_defaults":8,"num_rows":8},{"kind":"Sparse","name":"ProfileEvent_StorageBufferErrorOnFlush","num_defaults":8,"num_rows":8},{"kind":"Sparse","name":"ProfileEvent_StorageBufferFlush","num_defaults":8,"num_rows":8},{"kind":"Sparse","name":"ProfileEvent_StorageBufferLayerLockReadersWaitMilliseconds","num_defaults":8,"num_rows":8},{"kind":"Sparse","name":"ProfileEvent_StorageBufferLayerLockWritersWaitMilliseconds","num_defaults":8,"num_rows":8},{"kind":"Sparse","name":"ProfileEvent_StorageBufferPassedAllMinThresholds","num_defaults":8,"num_rows":8},{"kind":"Sparse","name":"ProfileEvent_StorageBufferPassedBytesFlushThreshold","num_defaults":8,"num_rows":8},{"kind":"Sparse","name":"ProfileEvent_StorageBufferPassedBytesMaxThreshold","num_defaults":8,"num_rows":8},{"kind":"Sparse","name":"ProfileEvent_StorageBufferPassedRowsFlushThreshold","num_defaults":8,"num_rows":8},{"kind":"Sparse","name":"ProfileEvent_StorageBufferPassedRowsMaxThreshold","num_defaults":8,"num_rows":8},{"kind":"Sparse","name":"ProfileEvent_StorageBufferPassedTimeFlushThreshold","num_defaults":8,"num_rows":8},{"kind":"Sparse","name":"ProfileEvent_StorageBufferPassedTimeMaxThreshold","num_defaults":8,"num_rows":8},{"kind":"Sparse","name":"ProfileEvent_StorageConnectionsCreated","num_defaults":8,"num_rows":8},{"kind":"Sparse","name":"ProfileEvent_StorageConnectionsElapsedMicroseconds","num_defaults":8,"num_rows":8},{"kind":"Sparse","name":"ProfileEvent_StorageConnectionsErrors","num_defaults":8,"num_rows":8},{"kind":"Sparse","name":"ProfileEvent_StorageConnectionsExpired","num_defaults":8,"num_rows":8},{"kind":"Sparse","name":"ProfileEvent_StorageConnectionsPreserved","num_defaults":8,"num_rows":8},{"kind":"Sparse","name":"ProfileEvent_StorageConnectionsReset","num_defaults":8,"num_rows":8},{"kind":"Sparse","name":"ProfileEvent_StorageConnectionsReused","num_defaults":8,"num_rows":8},{"kind":"Sparse","name":"ProfileEvent_SuspendSendingQueryToShard","num_defaults":8,"num_rows":8},{"kind":"Sparse","name":"ProfileEvent_SynchronousReadWaitMicroseconds","num_defaults":8,"num_rows":8},{"kind":"Sparse","name":"ProfileEvent_SynchronousRemoteReadWaitMicroseconds","num_defaults":8,"num_rows":8},{"kind":"Sparse","name":"ProfileEvent_SystemTimeMicroseconds","num_defaults":8,"num_rows":8},{"kind":"Sparse","name":"ProfileEvent_TableFunctionExecute","num_defaults":8,"num_rows":8},{"kind":"Sparse","name":"ProfileEvent_ThreadPoolReaderPageCacheHit","num_defaults":8,"num_rows":8},{"kind":"Sparse","name":"ProfileEvent_ThreadPoolReaderPageCacheHitBytes","num_defaults":8,"num_rows":8},{"kind":"Sparse","name":"ProfileEvent_ThreadPoolReaderPageCacheHitElapsedMicroseconds","num_defaults":8,"num_rows":8},{"kind":"Sparse","name":"ProfileEvent_ThreadPoolReaderPageCacheMiss","num_defaults":8,"num_rows":8},{"kind":"Sparse","name":"ProfileEvent_ThreadPoolReaderPageCacheMissBytes","num_defaults":8,"num_rows":8},{"kind":"Sparse","name":"ProfileEvent_ThreadPoolReaderPageCacheMissElapsedMicroseconds","num_defaults":8,"num_rows":8},{"kind":"Sparse","name":"ProfileEvent_ThreadpoolReaderPrepareMicroseconds","num_defaults":8,"num_rows":8},{"kind":"Sparse","name":"ProfileEvent_ThreadpoolReaderReadBytes","num_defaults":8,"num_rows":8},{"kind":"Sparse","name":"ProfileEvent_ThreadpoolReaderSubmit","num_defaults":8,"num_rows":8},{"kind":"Sparse","name":"ProfileEvent_ThreadpoolReaderSubmitLookupInCacheMicroseconds","num_defaults":8,"num_rows":8},{"kind":"Sparse","name":"ProfileEvent_ThreadpoolReaderSubmitReadSynchronously","num_defaults":8,"num_rows":8},{"kind":"Sparse","name":"ProfileEvent_ThreadpoolReaderSubmitReadSynchronouslyBytes","num_defaults":8,"num_rows":8},{"kind":"Sparse","name":"ProfileEvent_ThreadpoolReaderSubmitReadSynchronouslyMicroseconds","num_defaults":8,"num_rows":8},{"kind":"Sparse","name":"ProfileEvent_ThreadpoolReaderTaskMicroseconds","num_defaults":8,"num_rows":8},{"kind":"Sparse","name":"ProfileEvent_ThrottlerSleepMicroseconds","num_defaults":8,"num_rows":8},{"kind":"Sparse","name":"ProfileEvent_TinyS3Clients","num_defaults":8,"num_rows":8},{"kind":"Sparse","name":"ProfileEvent_USearchAddComputedDistances","num_defaults":8,"num_rows":8},{"kind":"Sparse","name":"ProfileEvent_USearchAddCount","num_defaults":8,"num_rows":8},{"kind":"Sparse","name":"ProfileEvent_USearchAddVisitedMembers","num_defaults":8,"num_rows":8},{"kind":"Sparse","name":"ProfileEvent_USearchSearchComputedDistances","num_defaults":8,"num_rows":8},{"kind":"Sparse","name":"ProfileEvent_USearchSearchCount","num_defaults":8,"num_rows":8},{"kind":"Sparse","name":"ProfileEvent_USearchSearchVisitedMembers","num_defaults":8,"num_rows":8},{"kind":"Sparse","name":"ProfileEvent_UncompressedCacheHits","num_defaults":8,"num_rows":8},{"kind":"Sparse","name":"ProfileEvent_UncompressedCacheMisses","num_defaults":8,"num_rows":8},{"kind":"Sparse","name":"ProfileEvent_UncompressedCacheWeightLost","num_defaults":8,"num_rows":8},{"kind":"Sparse","name":"ProfileEvent_UserTimeMicroseconds","num_defaults":8,"num_rows":8},{"kind":"Sparse","name":"ProfileEvent_WaitMarksLoadMicroseconds","num_defaults":8,"num_rows":8},{"kind":"Sparse","name":"ProfileEvent_WaitPrefetchTaskMicroseconds","num_defaults":8,"num_rows":8},{"kind":"Default","name":"ProfileEvent_WriteBufferFromFileDescriptorWrite","num_defaults":5,"num_rows":8},{"kind":"Default","name":"ProfileEvent_WriteBufferFromFileDescriptorWriteBytes","num_defaults":5,"num_rows":8},{"kind":"Sparse","name":"ProfileEvent_WriteBufferFromFileDescriptorWriteFailed","num_defaults":8,"num_rows":8},{"kind":"Sparse","name":"ProfileEvent_WriteBufferFromS3Bytes","num_defaults":8,"num_rows":8},{"kind":"Sparse","name":"ProfileEvent_WriteBufferFromS3Microseconds","num_defaults":8,"num_rows":8},{"kind":"Sparse","name":"ProfileEvent_WriteBufferFromS3RequestsErrors","num_defaults":8,"num_rows":8},{"kind":"Sparse","name":"ProfileEvent_WriteBufferFromS3WaitInflightLimitMicroseconds","num_defaults":8,"num_rows":8},{"kind":"Sparse","name":"ProfileEvent_ZooKeeperBytesReceived","num_defaults":8,"num_rows":8},{"kind":"Sparse","name":"ProfileEvent_ZooKeeperBytesSent","num_defaults":8,"num_rows":8},{"kind":"Sparse","name":"ProfileEvent_ZooKeeperCheck","num_defaults":8,"num_rows":8},{"kind":"Sparse","name":"ProfileEvent_ZooKeeperClose","num_defaults":8,"num_rows":8},{"kind":"Sparse","name":"ProfileEvent_ZooKeeperCreate","num_defaults":8,"num_rows":8},{"kind":"Sparse","name":"ProfileEvent_ZooKeeperExists","num_defaults":8,"num_rows":8},{"kind":"Sparse","name":"ProfileEvent_ZooKeeperGet","num_defaults":8,"num_rows":8},{"kind":"Sparse","name":"ProfileEvent_ZooKeeperHardwareExceptions","num_defaults":8,"num_rows":8},{"kind":"Sparse","name":"ProfileEvent_ZooKeeperInit","num_defaults":8,"num_rows":8},{"kind":"Sparse","name":"ProfileEvent_ZooKeeperList","num_defaults":8,"num_rows":8},{"kind":"Sparse","name":"ProfileEvent_ZooKeeperMulti","num_defaults":8,"num_rows":8},{"kind":"Sparse","name":"ProfileEvent_ZooKeeperOtherExceptions","num_defaults":8,"num_rows":8},{"kind":"Sparse","name":"ProfileEvent_ZooKeeperReconfig","num_defaults":8,"num_rows":8},{"kind":"Sparse","name":"ProfileEvent_ZooKeeperRemove","num_defaults":8,"num_rows":8},{"kind":"Sparse","name":"ProfileEvent_ZooKeeperSet","num_defaults":8,"num_rows":8},{"kind":"Sparse","name":"ProfileEvent_ZooKeeperSync","num_defaults":8,"num_rows":8},{"kind":"Sparse","name":"ProfileEvent_ZooKeeperTransactions","num_defaults":8,"num_rows":8},{"kind":"Sparse","name":"ProfileEvent_ZooKeeperUserExceptions","num_defaults":8,"num_rows":8},{"kind":"Sparse","name":"ProfileEvent_ZooKeeperWaitMicroseconds","num_defaults":8,"num_rows":8},{"kind":"Sparse","name":"ProfileEvent_ZooKeeperWatchResponse","num_defaults":8,"num_rows":8},{"kind":"Default","name":"event_date","num_defaults":0,"num_rows":8},{"kind":"Default","name":"event_time","num_defaults":0,"num_rows":8},{"kind":"Default","name":"event_time_microseconds","num_defaults":0,"num_rows":8}],"version":0}